INSERT INTO questionnaires (questionnaires_id, show_progress_bar, show_page_titles, show_question_numbers, completed_html, title, question_type, show_preview_before_complete, check_errors_mode) VALUES (13, 'top', 0, 'off', '<h2>Thank you for submitting the Questionnaire<h2>', 'Vascular Risk', 'Vascular Risk', 'showAllQuestions', 'onComplete');
INSERT INTO questionnaires (questionnaires_id, show_progress_bar, show_page_titles, show_question_numbers, completed_html, title, question_type, show_preview_before_complete, check_errors_mode) VALUES (14, null, 0, 'off', '<h2>Thank you for submitting the Questionnaire<h2>', 'Sleep Study', 'Sleep Study', 'showAllQuestions', 'onComplete');
INSERT INTO questionnaires (questionnaires_id, show_progress_bar, show_page_titles, show_question_numbers, completed_html, title, question_type, show_preview_before_complete, check_errors_mode) VALUES (15, null, 0, 'off', '<h2>Thank you for submitting the Questionnaire<h2>', 'Everyday Cognition (E-Cog)', 'Everyday Cognition (E-Cog)', 'showAllQuestions', 'onComplete');
INSERT INTO questionnaires (questionnaires_id, show_progress_bar, show_page_titles, show_question_numbers, completed_html, title, question_type, show_preview_before_complete, check_errors_mode) VALUES (16, null, 0, 'off', '<h2>Thank you for submitting the Questionnaire<h2>', 'Physical Activity Screening', 'Physical Activity Screening', 'showAllQuestions', 'onComplete');
INSERT INTO questionnaires (questionnaires_id, show_progress_bar, show_page_titles, show_question_numbers, completed_html, title, question_type, show_preview_before_complete, check_errors_mode) VALUES (17, 'top', 0, 'off', '<h2>Thank you for submitting the Questionnaire<h2>', 'Diet screener questionnaire', 'Diet Screening', 'showAllQuestions', 'onComplete');

INSERT INTO pages (page_id, name, title, questionnaires_id) VALUES (24, 'attentionpage', 'Compared to 10 years ago, has there been any change in… ', 15);
INSERT INTO pages (page_id, name, title, questionnaires_id) VALUES (17, 'category2', 'CATEGORY 2', 14);
INSERT INTO pages (page_id, name, title, questionnaires_id) VALUES (18, 'category3', 'CATEGORY 3', 14);
INSERT INTO pages (page_id, name, title, questionnaires_id) VALUES (16, 'cetegory1', 'CATEGORY 1', 14);
INSERT INTO pages (page_id, name, title, questionnaires_id) VALUES (11, 'DiabetesMellitus', 'Diabetes mellitus check', 13);
INSERT INTO pages (page_id, name, title, questionnaires_id) VALUES (13, 'hearthealthpage', 'Heart health check', 13);
INSERT INTO pages (page_id, name, title, questionnaires_id) VALUES (9, 'HighBloodPressurePage', 'High blood pressure check', 13);
INSERT INTO pages (page_id, name, title, questionnaires_id) VALUES (10, 'HighcholesterolPage', 'High cholesterol check', 13);
INSERT INTO pages (page_id, name, title, questionnaires_id) VALUES (8, 'IntroductionPage', 'Introduction', 13);
INSERT INTO pages (page_id, name, title, questionnaires_id) VALUES (12, 'KidneyHealthPage', 'Kidney health check', 13);
INSERT INTO pages (page_id, name, title, questionnaires_id) VALUES (20, 'Languagepage', 'Compared to 10 years ago, has there been any change in… ', 15);
INSERT INTO pages (page_id, name, title, questionnaires_id) VALUES (19, 'memorypage', 'Compared to 10 years ago, has there been any change in… ', 15);
INSERT INTO pages (page_id, name, title, questionnaires_id) VALUES (23, 'organizationpage', 'Compared to 10 years ago, has there been any change in… ', 15);
INSERT INTO pages (page_id, name, title, questionnaires_id) VALUES (29, 'pag3', null, 17);
INSERT INTO pages (page_id, name, title, questionnaires_id) VALUES (27, 'page1', null, 17);
INSERT INTO pages (page_id, name, title, questionnaires_id) VALUES (36, 'page10', null, 17);
INSERT INTO pages (page_id, name, title, questionnaires_id) VALUES (28, 'page2', null, 17);
INSERT INTO pages (page_id, name, title, questionnaires_id) VALUES (30, 'page4', null, 17);
INSERT INTO pages (page_id, name, title, questionnaires_id) VALUES (31, 'page5', null, 17);
INSERT INTO pages (page_id, name, title, questionnaires_id) VALUES (32, 'page6', null, 17);
INSERT INTO pages (page_id, name, title, questionnaires_id) VALUES (33, 'page7', null, 17);
INSERT INTO pages (page_id, name, title, questionnaires_id) VALUES (34, 'page8', null, 17);
INSERT INTO pages (page_id, name, title, questionnaires_id) VALUES (35, 'page9', null, 17);
INSERT INTO pages (page_id, name, title, questionnaires_id) VALUES (15, 'personalinfopage', 'Personal Info', 14);
INSERT INTO pages (page_id, name, title, questionnaires_id) VALUES (22, 'planningpage', 'Compared to 10 years ago, has there been any change in… ', 15);
INSERT INTO pages (page_id, name, title, questionnaires_id) VALUES (25, 'rapa1', 'RAPA 1', 16);
INSERT INTO pages (page_id, name, title, questionnaires_id) VALUES (26, 'rapa2', 'RAPA 2', 16);
INSERT INTO pages (page_id, name, title, questionnaires_id) VALUES (14, 'vascularhealthpage', 'Vascular health check', 13);
INSERT INTO pages (page_id, name, title, questionnaires_id) VALUES (21, 'visualpage', 'Compared to 10 years ago, has there been any change in… ', 15);

INSERT INTO elements (elements_id, start_with_new_line, has_other, name, visible_if, type, title, title_location, col_count, description, input_type, other_text, popupdescription, page_id, questionnaires_id, choices_by_url, is_required, enable_if, render_as, is_all_row_required) VALUES (79, 1, 0, '1', null, 'text', 'height(m)', 'left', 0, null, 'number', null, null, 15, 14, null, 1, null, null, 0);
INSERT INTO elements (elements_id, start_with_new_line, has_other, name, visible_if, type, title, title_location, col_count, description, input_type, other_text, popupdescription, page_id, questionnaires_id, choices_by_url, is_required, enable_if, render_as, is_all_row_required) VALUES (93, 1, 0, '1', null, 'matrix', 'Memory', null, 0, null, null, null, null, 19, 15, null, 1, null, null, 1);
INSERT INTO elements (elements_id, start_with_new_line, has_other, name, visible_if, type, title, title_location, col_count, description, input_type, other_text, popupdescription, page_id, questionnaires_id, choices_by_url, is_required, enable_if, render_as, is_all_row_required) VALUES (108, 1, 0, '1', null, 'text', '1. How old are you?', 'left', 0, null, null, null, null, 27, 17, null, 1, null, null, 0);
INSERT INTO elements (elements_id, start_with_new_line, has_other, name, visible_if, type, title, title_location, col_count, description, input_type, other_text, popupdescription, page_id, questionnaires_id, choices_by_url, is_required, enable_if, render_as, is_all_row_required) VALUES (40, 1, 0, '1.1', null, 'radiogroup', 'Completed By', 'top', 2, null, null, null, null, 8, 13, null, 1, null, null, 0);
INSERT INTO elements (elements_id, start_with_new_line, has_other, name, visible_if, type, title, title_location, col_count, description, input_type, other_text, popupdescription, page_id, questionnaires_id, choices_by_url, is_required, enable_if, render_as, is_all_row_required) VALUES (41, 1, 0, '1.2', '{1.1} = ''relative''', 'text', 'Relationship to Patient:', 'left', 0, null, null, null, null, 8, 13, null, 1, null, null, 0);
INSERT INTO elements (elements_id, start_with_new_line, has_other, name, visible_if, type, title, title_location, col_count, description, input_type, other_text, popupdescription, page_id, questionnaires_id, choices_by_url, is_required, enable_if, render_as, is_all_row_required) VALUES (42, 1, 0, '1.3', null, 'html', null, null, 0, null, null, null, null, 8, 13, null, 0, null, null, 0);
INSERT INTO elements (elements_id, start_with_new_line, has_other, name, visible_if, type, title, title_location, col_count, description, input_type, other_text, popupdescription, page_id, questionnaires_id, choices_by_url, is_required, enable_if, render_as, is_all_row_required) VALUES (88, 1, 0, '10', null, 'checkbox', '6. How often do you feel tired or fatigued after your sleep?', null, 2, null, null, null, null, 17, 14, null, 1, null, null, 0);
INSERT INTO elements (elements_id, start_with_new_line, has_other, name, visible_if, type, title, title_location, col_count, description, input_type, other_text, popupdescription, page_id, questionnaires_id, choices_by_url, is_required, enable_if, render_as, is_all_row_required) VALUES (107, 1, 0, '10', null, 'checkbox', '9. I do activities to improve flexibility, such as stretching or yoga, once a week or more.', null, 2, null, null, null, null, 26, 16, null, 1, null, null, 0);
INSERT INTO elements (elements_id, start_with_new_line, has_other, name, visible_if, type, title, title_location, col_count, description, input_type, other_text, popupdescription, page_id, questionnaires_id, choices_by_url, is_required, enable_if, render_as, is_all_row_required) VALUES (126, 1, 0, '10', null, 'radiogroup', '10. During the past month, did you drink any coffee or tea that had sugar or honey added to it? Include coffee and tea you sweetened yourself and presweetened tea and coffee drinks such as Arizona Iced Tea and Frappuccino. Do not include artificially sweetened coffee or diet tea', null, 3, null, null, null, null, 30, 17, null, 1, null, null, 0);
INSERT INTO elements (elements_id, start_with_new_line, has_other, name, visible_if, type, title, title_location, col_count, description, input_type, other_text, popupdescription, page_id, questionnaires_id, choices_by_url, is_required, enable_if, render_as, is_all_row_required) VALUES (127, 1, 0, '10.1', '{10} = ''yes''', 'radiogroup', '10.a.  During the past month, how often did you drink coffee or tea containing sugar or honey?', null, 4, null, null, null, null, 30, 17, null, 1, null, null, 0);
INSERT INTO elements (elements_id, start_with_new_line, has_other, name, visible_if, type, title, title_location, col_count, description, input_type, other_text, popupdescription, page_id, questionnaires_id, choices_by_url, is_required, enable_if, render_as, is_all_row_required) VALUES (89, 1, 0, '11', null, 'checkbox', '7. During your waking time, do you feel tired, fatigued, or not up to par?', null, 2, null, null, null, null, 17, 14, null, 1, null, null, 0);
INSERT INTO elements (elements_id, start_with_new_line, has_other, name, visible_if, type, title, title_location, col_count, description, input_type, other_text, popupdescription, page_id, questionnaires_id, choices_by_url, is_required, enable_if, render_as, is_all_row_required) VALUES (128, 1, 0, '11', null, 'radiogroup', '11. During the past month, did you drink any sweetened fruit drinks, sports or energy drinks, such as Kool-aid, lemonade, Hi-C, cranberry drink, Gatorade, Red Bull, or Vitamin Water? Include fruit juices you made at home and added sugar to. Do not include diet drinks or artificially sweetened drinks.', null, 3, null, null, null, null, 30, 17, null, 1, null, null, 0);
INSERT INTO elements (elements_id, start_with_new_line, has_other, name, visible_if, type, title, title_location, col_count, description, input_type, other_text, popupdescription, page_id, questionnaires_id, choices_by_url, is_required, enable_if, render_as, is_all_row_required) VALUES (129, 1, 0, '11.1', '{11} = ''yes''', 'radiogroup', '11.a. During the past month, how often did you drink sweetened fruit, sports or energy drinks?', null, 4, null, null, null, null, 30, 17, null, 1, null, null, 0);
INSERT INTO elements (elements_id, start_with_new_line, has_other, name, visible_if, type, title, title_location, col_count, description, input_type, other_text, popupdescription, page_id, questionnaires_id, choices_by_url, is_required, enable_if, render_as, is_all_row_required) VALUES (90, 1, 0, '12', null, 'checkbox', '8. Have you ever nodded off or fallen asleep while driving a vehicle?', null, 2, null, null, null, null, 17, 14, null, 1, null, null, 0);
INSERT INTO elements (elements_id, start_with_new_line, has_other, name, visible_if, type, title, title_location, col_count, description, input_type, other_text, popupdescription, page_id, questionnaires_id, choices_by_url, is_required, enable_if, render_as, is_all_row_required) VALUES (130, 1, 0, '12', null, 'radiogroup', '12. During the past month, did you eat any fruit? Include fresh, frozen, or canned fruit. Do not include juices.', null, 3, null, null, null, null, 30, 17, null, 1, null, null, 0);
INSERT INTO elements (elements_id, start_with_new_line, has_other, name, visible_if, type, title, title_location, col_count, description, input_type, other_text, popupdescription, page_id, questionnaires_id, choices_by_url, is_required, enable_if, render_as, is_all_row_required) VALUES (131, 1, 0, '12.1', '{12} = ''yes''', 'radiogroup', '12.a. During the past month, how often did you eat fruit? You can report per day, per week, or per month', null, 4, null, null, null, null, 30, 17, null, 1, null, null, 0);
INSERT INTO elements (elements_id, start_with_new_line, has_other, name, visible_if, type, title, title_location, col_count, description, input_type, other_text, popupdescription, page_id, questionnaires_id, choices_by_url, is_required, enable_if, render_as, is_all_row_required) VALUES (91, 1, 0, '13', '{12} = [''yes'']', 'checkbox', '9. How often does this occur?', null, 2, null, null, null, null, 17, 14, null, 1, null, null, 0);
INSERT INTO elements (elements_id, start_with_new_line, has_other, name, visible_if, type, title, title_location, col_count, description, input_type, other_text, popupdescription, page_id, questionnaires_id, choices_by_url, is_required, enable_if, render_as, is_all_row_required) VALUES (132, 1, 0, '13', null, 'radiogroup', '13. During the past month, did you eat a green leafy or lettuce salad, with or without other vegetables?', null, 3, null, null, null, null, 31, 17, null, 1, null, null, 0);
INSERT INTO elements (elements_id, start_with_new_line, has_other, name, visible_if, type, title, title_location, col_count, description, input_type, other_text, popupdescription, page_id, questionnaires_id, choices_by_url, is_required, enable_if, render_as, is_all_row_required) VALUES (133, 1, 0, '13.1', '{13} = ''yes''', 'radiogroup', '13.a. During the past month, how often did you eat salad? You can report per day, per week, or per month', null, 4, null, null, null, null, 31, 17, null, 1, null, null, 0);
INSERT INTO elements (elements_id, start_with_new_line, has_other, name, visible_if, type, title, title_location, col_count, description, input_type, other_text, popupdescription, page_id, questionnaires_id, choices_by_url, is_required, enable_if, render_as, is_all_row_required) VALUES (92, 1, 0, '14', null, 'checkbox', '10. Do you have high blood pressure?', null, 3, null, null, null, null, 18, 14, null, 1, null, null, 0);
INSERT INTO elements (elements_id, start_with_new_line, has_other, name, visible_if, type, title, title_location, col_count, description, input_type, other_text, popupdescription, page_id, questionnaires_id, choices_by_url, is_required, enable_if, render_as, is_all_row_required) VALUES (134, 1, 0, '14', null, 'radiogroup', '14. During the past month, did you eat any kind of fried potatoes including french fries, home fries, or hash brown potatoes?', null, 3, null, null, null, null, 31, 17, null, 1, null, null, 0);
INSERT INTO elements (elements_id, start_with_new_line, has_other, name, visible_if, type, title, title_location, col_count, description, input_type, other_text, popupdescription, page_id, questionnaires_id, choices_by_url, is_required, enable_if, render_as, is_all_row_required) VALUES (135, 1, 0, '14.1', '{14} = ''yes''', 'radiogroup', '14.a. During the past month, how often did you eat any kind of fried potatoes? You can report per day, per week, or per month', null, 4, null, null, null, null, 31, 17, null, 1, null, null, 0);
INSERT INTO elements (elements_id, start_with_new_line, has_other, name, visible_if, type, title, title_location, col_count, description, input_type, other_text, popupdescription, page_id, questionnaires_id, choices_by_url, is_required, enable_if, render_as, is_all_row_required) VALUES (136, 1, 0, '15', null, 'radiogroup', '15. During the past month, did you eat any other kind of potatoes, such as baked, boiled, mashed potatoes, sweet potatoes, or potato salad?', null, 3, null, null, null, null, 31, 17, null, 1, null, null, 0);
INSERT INTO elements (elements_id, start_with_new_line, has_other, name, visible_if, type, title, title_location, col_count, description, input_type, other_text, popupdescription, page_id, questionnaires_id, choices_by_url, is_required, enable_if, render_as, is_all_row_required) VALUES (137, 1, 0, '15.1', '{15} = ''yes''', 'radiogroup', '15.a. During the past month, how often did you eat any other kind of potatoes? You can report per day, per week, or per month', null, 4, null, null, null, null, 31, 17, null, 1, null, null, 0);
INSERT INTO elements (elements_id, start_with_new_line, has_other, name, visible_if, type, title, title_location, col_count, description, input_type, other_text, popupdescription, page_id, questionnaires_id, choices_by_url, is_required, enable_if, render_as, is_all_row_required) VALUES (138, 1, 0, '16', null, 'radiogroup', '16. During the past month, did you eat any refried beans, baked beans, beans in soup, pork and beans or other cooked dried beans? Do not include green beans.', null, 3, null, null, null, null, 32, 17, null, 1, null, null, 0);
INSERT INTO elements (elements_id, start_with_new_line, has_other, name, visible_if, type, title, title_location, col_count, description, input_type, other_text, popupdescription, page_id, questionnaires_id, choices_by_url, is_required, enable_if, render_as, is_all_row_required) VALUES (139, 1, 0, '16.1', '{16} = ''yes''', 'radiogroup', '16.a. During the past month, how often did you eat refried beans, baked beans, beans in soup, pork and beans or other cooked dried beans? You can report per day, per week, or per month.', null, 4, null, null, null, null, 32, 17, null, 1, null, null, 0);
INSERT INTO elements (elements_id, start_with_new_line, has_other, name, visible_if, type, title, title_location, col_count, description, input_type, other_text, popupdescription, page_id, questionnaires_id, choices_by_url, is_required, enable_if, render_as, is_all_row_required) VALUES (140, 1, 0, '17', null, 'radiogroup', '17. During the past month, did you eat any brown rice or other cooked whole grains, such as bulgur, cracked wheat, or millet? Do not include white rice.', null, 3, null, null, null, null, 32, 17, null, 1, null, null, 0);
INSERT INTO elements (elements_id, start_with_new_line, has_other, name, visible_if, type, title, title_location, col_count, description, input_type, other_text, popupdescription, page_id, questionnaires_id, choices_by_url, is_required, enable_if, render_as, is_all_row_required) VALUES (141, 1, 0, '17.1', '{17} = ''yes''', 'radiogroup', '17.a. During the past month, how often did you eat brown rice or other cooked whole grains? You can report per day, per week, or per month', null, 4, null, null, null, null, 32, 17, null, 1, null, null, 0);
INSERT INTO elements (elements_id, start_with_new_line, has_other, name, visible_if, type, title, title_location, col_count, description, input_type, other_text, popupdescription, page_id, questionnaires_id, choices_by_url, is_required, enable_if, render_as, is_all_row_required) VALUES (142, 1, 0, '18', null, 'radiogroup', '18. During the past month, not including green salads, potatoes, and cooked dried beans, did you eat any other vegetables?', null, 3, null, null, null, null, 32, 17, null, 1, null, null, 0);
INSERT INTO elements (elements_id, start_with_new_line, has_other, name, visible_if, type, title, title_location, col_count, description, input_type, other_text, popupdescription, page_id, questionnaires_id, choices_by_url, is_required, enable_if, render_as, is_all_row_required) VALUES (143, 1, 0, '18.1', '{18} = ''yes''', 'radiogroup', '18.a. During the past month, how often did you eat other vegetables? You can report per day, per week, or per month', null, 4, null, null, null, null, 32, 17, null, 1, null, null, 0);
INSERT INTO elements (elements_id, start_with_new_line, has_other, name, visible_if, type, title, title_location, col_count, description, input_type, other_text, popupdescription, page_id, questionnaires_id, choices_by_url, is_required, enable_if, render_as, is_all_row_required) VALUES (144, 1, 0, '19', null, 'radiogroup', '19. During the past month, did you eat any Mexican-type salsa made with tomato?', null, 3, null, null, null, null, 33, 17, null, 1, null, null, 0);
INSERT INTO elements (elements_id, start_with_new_line, has_other, name, visible_if, type, title, title_location, col_count, description, input_type, other_text, popupdescription, page_id, questionnaires_id, choices_by_url, is_required, enable_if, render_as, is_all_row_required) VALUES (145, 1, 0, '19.1', '{19} = ''yes''', 'radiogroup', '19.a. During the past month, how often did you have Mexican-type salsa made with tomato? You can report per day, per week, or per month.', null, 4, null, null, null, null, 33, 17, null, 1, null, null, 0);
INSERT INTO elements (elements_id, start_with_new_line, has_other, name, visible_if, type, title, title_location, col_count, description, input_type, other_text, popupdescription, page_id, questionnaires_id, choices_by_url, is_required, enable_if, render_as, is_all_row_required) VALUES (80, 1, 0, '2', null, 'text', 'Weight(kg)', 'left', 0, null, 'number', null, null, 15, 14, null, 1, null, null, 0);
INSERT INTO elements (elements_id, start_with_new_line, has_other, name, visible_if, type, title, title_location, col_count, description, input_type, other_text, popupdescription, page_id, questionnaires_id, choices_by_url, is_required, enable_if, render_as, is_all_row_required) VALUES (94, 1, 0, '2', null, 'matrix', 'Language', null, 0, null, null, null, null, 20, 15, null, 1, null, null, 1);
INSERT INTO elements (elements_id, start_with_new_line, has_other, name, visible_if, type, title, title_location, col_count, description, input_type, other_text, popupdescription, page_id, questionnaires_id, choices_by_url, is_required, enable_if, render_as, is_all_row_required) VALUES (99, 1, 0, '2', null, 'checkbox', '1. I rarely or never do any physical activities.', null, 2, null, null, null, null, 25, 16, null, 1, null, null, 0);
INSERT INTO elements (elements_id, start_with_new_line, has_other, name, visible_if, type, title, title_location, col_count, description, input_type, other_text, popupdescription, page_id, questionnaires_id, choices_by_url, is_required, enable_if, render_as, is_all_row_required) VALUES (109, 1, 0, '2', null, 'radiogroup', '2. Are you male or female?', null, 2, null, null, null, null, 27, 17, null, 1, null, null, 0);
INSERT INTO elements (elements_id, start_with_new_line, has_other, name, visible_if, type, title, title_location, col_count, description, input_type, other_text, popupdescription, page_id, questionnaires_id, choices_by_url, is_required, enable_if, render_as, is_all_row_required) VALUES (43, 1, 0, '2.1', null, 'radiogroup', '1.Have You ever been diagnosed with a medical condition related to high or elevated blood pressure?', 'top', 0, null, null, 'Unknown', null, 9, 13, null, 1, null, null, 0);
INSERT INTO elements (elements_id, start_with_new_line, has_other, name, visible_if, type, title, title_location, col_count, description, input_type, other_text, popupdescription, page_id, questionnaires_id, choices_by_url, is_required, enable_if, render_as, is_all_row_required) VALUES (44, 1, 0, '2.2', '{2.1} = ''yes''', 'radiogroup', 'How long have you had this condition?', null, 5, null, null, null, null, 9, 13, null, 1, null, null, 0);
INSERT INTO elements (elements_id, start_with_new_line, has_other, name, visible_if, type, title, title_location, col_count, description, input_type, other_text, popupdescription, page_id, questionnaires_id, choices_by_url, is_required, enable_if, render_as, is_all_row_required) VALUES (45, 1, 0, '2.3', '{2.1} = ''yes''', 'radiogroup', 'Were you ever treated for this condition', 'left', 0, null, null, null, null, 9, 13, null, 1, null, null, 0);
INSERT INTO elements (elements_id, start_with_new_line, has_other, name, visible_if, type, title, title_location, col_count, description, input_type, other_text, popupdescription, page_id, questionnaires_id, choices_by_url, is_required, enable_if, render_as, is_all_row_required) VALUES (46, 1, 0, '2.4', '{2.3} = ''yes''', 'radiogroup', 'Are you currently treating this condition?', 'left', 0, null, null, null, null, 9, 13, null, 1, null, null, 0);
INSERT INTO elements (elements_id, start_with_new_line, has_other, name, visible_if, type, title, title_location, col_count, description, input_type, other_text, popupdescription, page_id, questionnaires_id, choices_by_url, is_required, enable_if, render_as, is_all_row_required) VALUES (47, 1, 0, '2.5', '{2.3} = ''yes'' and {2.4} = ''yes''', 'checkbox', 'Please indicate how you are treating the condition?', 'top', 3, '
Medication/supplements (please list the medications you believe to be taking for this condition):', null, null, null, 9, 13, null, 1, null, null, 0);
INSERT INTO elements (elements_id, start_with_new_line, has_other, name, visible_if, type, title, title_location, col_count, description, input_type, other_text, popupdescription, page_id, questionnaires_id, choices_by_url, is_required, enable_if, render_as, is_all_row_required) VALUES (48, 1, 1, '2.6', '{2.3} = ''yes'' and {2.4} = ''yes'' and {2.5} contains ''other''', 'dropdown', 'Please select the other medication', 'left', 0, null, null, null, null, 9, 13, 'http://localhost:8080/api/adapt/questionnaire/medicine', 1, null, 'select2', 0);
INSERT INTO elements (elements_id, start_with_new_line, has_other, name, visible_if, type, title, title_location, col_count, description, input_type, other_text, popupdescription, page_id, questionnaires_id, choices_by_url, is_required, enable_if, render_as, is_all_row_required) VALUES (146, 1, 0, '20', null, 'radiogroup', '20. During the past month, did you eat any pizza? Include frozen pizza, fast food pizza, and homemade pizza.', null, 3, null, null, null, null, 33, 17, null, 1, null, null, 0);
INSERT INTO elements (elements_id, start_with_new_line, has_other, name, visible_if, type, title, title_location, col_count, description, input_type, other_text, popupdescription, page_id, questionnaires_id, choices_by_url, is_required, enable_if, render_as, is_all_row_required) VALUES (147, 1, 0, '20.1', '{20} = ''yes''', 'radiogroup', '20.a. During the past month, how often did you eat pizza? You can report per day, per week, or per month', null, 4, null, null, null, null, 33, 17, null, 1, null, null, 0);
INSERT INTO elements (elements_id, start_with_new_line, has_other, name, visible_if, type, title, title_location, col_count, description, input_type, other_text, popupdescription, page_id, questionnaires_id, choices_by_url, is_required, enable_if, render_as, is_all_row_required) VALUES (148, 1, 0, '21', null, 'radiogroup', '21. During the past month, did you have any tomato sauces such as with spaghetti or noodles or mixed into foods such as lasagna? (Do not count tomato sauce on pizza.)', null, 3, null, null, null, null, 33, 17, null, 1, null, null, 0);
INSERT INTO elements (elements_id, start_with_new_line, has_other, name, visible_if, type, title, title_location, col_count, description, input_type, other_text, popupdescription, page_id, questionnaires_id, choices_by_url, is_required, enable_if, render_as, is_all_row_required) VALUES (149, 1, 0, '21.1', '{21} = ''yes''', 'radiogroup', '21.a. During the past month, how often did you have tomato sauces? You can report per day, per week, or per month.', null, 4, null, null, null, null, 33, 17, null, 1, null, null, 0);
INSERT INTO elements (elements_id, start_with_new_line, has_other, name, visible_if, type, title, title_location, col_count, description, input_type, other_text, popupdescription, page_id, questionnaires_id, choices_by_url, is_required, enable_if, render_as, is_all_row_required) VALUES (150, 1, 0, '22', null, 'radiogroup', '22. During the past month, did you eat any kind of cheese? Include cheese as a snack, cheese on burgers, sandwiches, and cheese in foods such as lasagna, quesadillas, or casseroles. Do not include cheese on pizza', null, 3, null, null, null, null, 34, 17, null, 1, null, null, 0);
INSERT INTO elements (elements_id, start_with_new_line, has_other, name, visible_if, type, title, title_location, col_count, description, input_type, other_text, popupdescription, page_id, questionnaires_id, choices_by_url, is_required, enable_if, render_as, is_all_row_required) VALUES (151, 1, 0, '22.1', '{22} = ''yes''', 'radiogroup', '22.a. During the past month, how often did you eat any kind of cheese? You can report per day, per week, or per month', null, 4, null, null, null, null, 34, 17, null, 1, null, null, 0);
INSERT INTO elements (elements_id, start_with_new_line, has_other, name, visible_if, type, title, title_location, col_count, description, input_type, other_text, popupdescription, page_id, questionnaires_id, choices_by_url, is_required, enable_if, render_as, is_all_row_required) VALUES (152, 1, 0, '23', null, 'radiogroup', '23. During the past month, did you eat any red meat, such as beef, pork, ham, or sausage? Do not include chicken, turkey or seafood. Include red meat you had in sandwiches, lasagna, stew, and other mixtures. Red meats may also include veal, lamb, and any lunch meats made with these meats.', null, 3, null, null, null, null, 34, 17, null, 1, null, null, 0);
INSERT INTO elements (elements_id, start_with_new_line, has_other, name, visible_if, type, title, title_location, col_count, description, input_type, other_text, popupdescription, page_id, questionnaires_id, choices_by_url, is_required, enable_if, render_as, is_all_row_required) VALUES (153, 1, 0, '23.1', '{23} = ''yes''', 'radiogroup', '23.a. During the past month, how often did you eat red meat? You can report per day, per week, or per month.', null, 4, null, null, null, null, 34, 17, null, 1, null, null, 0);
INSERT INTO elements (elements_id, start_with_new_line, has_other, name, visible_if, type, title, title_location, col_count, description, input_type, other_text, popupdescription, page_id, questionnaires_id, choices_by_url, is_required, enable_if, render_as, is_all_row_required) VALUES (154, 1, 0, '24', null, 'radiogroup', '24. During the past month, did you eat any processed meat, such as bacon, lunch meats, or hot dogs? Include processed meats you had in sandwiches, soups, pizza, casseroles, and other mixtures. Processed meats are those preserved by smoking, curing, or salting, or by the addition of preservatives. Examples are: ham, bacon, pastrami, salami, sausages, bratwursts, frankfurters, hot dogs, and spam', null, 3, null, null, null, null, 34, 17, null, 1, null, null, 0);
INSERT INTO elements (elements_id, start_with_new_line, has_other, name, visible_if, type, title, title_location, col_count, description, input_type, other_text, popupdescription, page_id, questionnaires_id, choices_by_url, is_required, enable_if, render_as, is_all_row_required) VALUES (155, 1, 0, '24.1', '{24} = ''yes''', 'radiogroup', '24.a. During the past month, how often did you eat processed meat? You can report per day, per week, or per month.', null, 4, null, null, null, null, 34, 17, null, 1, null, null, 0);
INSERT INTO elements (elements_id, start_with_new_line, has_other, name, visible_if, type, title, title_location, col_count, description, input_type, other_text, popupdescription, page_id, questionnaires_id, choices_by_url, is_required, enable_if, render_as, is_all_row_required) VALUES (156, 1, 0, '25', null, 'radiogroup', '25. During the past month, did you eat any whole grain bread including toast, rolls and in sandwiches? Whole grain breads include whole wheat, rye, oatmeal and pumpernickel. Do not include white bread.', null, 3, null, null, null, null, 35, 17, null, 1, null, null, 0);
INSERT INTO elements (elements_id, start_with_new_line, has_other, name, visible_if, type, title, title_location, col_count, description, input_type, other_text, popupdescription, page_id, questionnaires_id, choices_by_url, is_required, enable_if, render_as, is_all_row_required) VALUES (157, 1, 0, '25.1', '{25} = ''yes''', 'radiogroup', '25.a. During the past month, how often did you eat whole grain bread? You can report per day, per week, or per month.', null, 4, null, null, null, null, 35, 17, null, 1, null, null, 0);
INSERT INTO elements (elements_id, start_with_new_line, has_other, name, visible_if, type, title, title_location, col_count, description, input_type, other_text, popupdescription, page_id, questionnaires_id, choices_by_url, is_required, enable_if, render_as, is_all_row_required) VALUES (158, 1, 0, '26', null, 'radiogroup', '26. During the past month, did you eat any chocolate or any other types of candy? Do not include sugar-free candy.', null, 3, null, null, null, null, 35, 17, null, 1, null, null, 0);
INSERT INTO elements (elements_id, start_with_new_line, has_other, name, visible_if, type, title, title_location, col_count, description, input_type, other_text, popupdescription, page_id, questionnaires_id, choices_by_url, is_required, enable_if, render_as, is_all_row_required) VALUES (159, 1, 0, '26.1', '{26} = ''yes''', 'radiogroup', '26.a. During the past month, how often did you eat chocolate or any other types of candy? You can report per day, per week, or per month.', null, 4, null, null, null, null, 35, 17, null, 1, null, null, 0);
INSERT INTO elements (elements_id, start_with_new_line, has_other, name, visible_if, type, title, title_location, col_count, description, input_type, other_text, popupdescription, page_id, questionnaires_id, choices_by_url, is_required, enable_if, render_as, is_all_row_required) VALUES (160, 1, 0, '27', null, 'radiogroup', '27. During the past month, did you eat any doughnuts, sweet rolls, Danish, muffins, (pan dulce) or pop-tarts? Do not include sugar-free items.', null, 3, null, null, null, null, 35, 17, null, 1, null, null, 0);
INSERT INTO elements (elements_id, start_with_new_line, has_other, name, visible_if, type, title, title_location, col_count, description, input_type, other_text, popupdescription, page_id, questionnaires_id, choices_by_url, is_required, enable_if, render_as, is_all_row_required) VALUES (161, 1, 0, '27.1', '{27} = ''yes''', 'radiogroup', '27.a. During the past month, how often did you eat doughnuts, sweet rolls, Danish, muffins, (pan dulce) or pop-tarts? You can report per day, per week, or per month.', null, 4, null, null, null, null, 35, 17, null, 1, null, null, 0);
INSERT INTO elements (elements_id, start_with_new_line, has_other, name, visible_if, type, title, title_location, col_count, description, input_type, other_text, popupdescription, page_id, questionnaires_id, choices_by_url, is_required, enable_if, render_as, is_all_row_required) VALUES (162, 1, 0, '28', null, 'radiogroup', '28. During the past month, did you eat any cookies, cake, pie, or brownies? Do not include sugar-free kinds.', null, 3, null, null, null, null, 36, 17, null, 1, null, null, 0);
INSERT INTO elements (elements_id, start_with_new_line, has_other, name, visible_if, type, title, title_location, col_count, description, input_type, other_text, popupdescription, page_id, questionnaires_id, choices_by_url, is_required, enable_if, render_as, is_all_row_required) VALUES (163, 1, 0, '28.1', '{28} = ''yes''', 'radiogroup', '28.a. During the past month, how often did you eat cookies, cake, pie, or brownies? You can report per day, per week, or per month.', null, 4, null, null, null, null, 36, 17, null, 1, null, null, 0);
INSERT INTO elements (elements_id, start_with_new_line, has_other, name, visible_if, type, title, title_location, col_count, description, input_type, other_text, popupdescription, page_id, questionnaires_id, choices_by_url, is_required, enable_if, render_as, is_all_row_required) VALUES (164, 1, 0, '29', null, 'radiogroup', '29. During the past month, did you eat any ice cream or other frozen desserts? Do not include sugar-free kinds.', null, 3, null, null, null, null, 36, 17, null, 1, null, null, 0);
INSERT INTO elements (elements_id, start_with_new_line, has_other, name, visible_if, type, title, title_location, col_count, description, input_type, other_text, popupdescription, page_id, questionnaires_id, choices_by_url, is_required, enable_if, render_as, is_all_row_required) VALUES (165, 1, 0, '29.1', '{29} = ''yes''', 'radiogroup', '29.a. During the past month, how often did you eat ice cream or other frozen desserts? You can report per day, per week, or per month', null, 4, null, null, null, null, 36, 17, null, 1, null, null, 0);
INSERT INTO elements (elements_id, start_with_new_line, has_other, name, visible_if, type, title, title_location, col_count, description, input_type, other_text, popupdescription, page_id, questionnaires_id, choices_by_url, is_required, enable_if, render_as, is_all_row_required) VALUES (81, 1, 0, '3', null, 'text', 'Age', 'left', 0, null, 'number', null, null, 15, 14, null, 1, null, null, 0);
INSERT INTO elements (elements_id, start_with_new_line, has_other, name, visible_if, type, title, title_location, col_count, description, input_type, other_text, popupdescription, page_id, questionnaires_id, choices_by_url, is_required, enable_if, render_as, is_all_row_required) VALUES (95, 1, 0, '3', null, 'matrix', 'Visual-spatial and Perceptual Abilities', null, 0, null, null, null, null, 21, 15, null, 1, null, null, 1);
INSERT INTO elements (elements_id, start_with_new_line, has_other, name, visible_if, type, title, title_location, col_count, description, input_type, other_text, popupdescription, page_id, questionnaires_id, choices_by_url, is_required, enable_if, render_as, is_all_row_required) VALUES (100, 1, 0, '3', null, 'checkbox', '2. I do some light or moderate physical activities, but not every week.', null, 2, null, null, null, null, 25, 16, null, 1, null, null, 0);
INSERT INTO elements (elements_id, start_with_new_line, has_other, name, visible_if, type, title, title_location, col_count, description, input_type, other_text, popupdescription, page_id, questionnaires_id, choices_by_url, is_required, enable_if, render_as, is_all_row_required) VALUES (110, 1, 0, '3', null, 'radiogroup', '3. During the past month, did you eat any hot or cold cereals?', null, 3, null, null, null, null, 27, 17, null, 1, null, null, 0);
INSERT INTO elements (elements_id, start_with_new_line, has_other, name, visible_if, type, title, title_location, col_count, description, input_type, other_text, popupdescription, page_id, questionnaires_id, choices_by_url, is_required, enable_if, render_as, is_all_row_required) VALUES (49, 1, 0, '3.1', null, 'radiogroup', '2. Have you ever been diagnosed with a medical condition related to high or elevated cholesterol levels?', 'top', 0, null, null, 'Unknown', null, 10, 13, null, 1, null, null, 0);
INSERT INTO elements (elements_id, start_with_new_line, has_other, name, visible_if, type, title, title_location, col_count, description, input_type, other_text, popupdescription, page_id, questionnaires_id, choices_by_url, is_required, enable_if, render_as, is_all_row_required) VALUES (111, 1, 0, '3.1', '{3} = ''yes''', 'radiogroup', '3.a. During the past month, how often did you eat hot or cold cereals? You can report per day,
               per week, or per month.
', null, 4, null, null, null, null, 27, 17, null, 1, null, null, 0);
INSERT INTO elements (elements_id, start_with_new_line, has_other, name, visible_if, type, title, title_location, col_count, description, input_type, other_text, popupdescription, page_id, questionnaires_id, choices_by_url, is_required, enable_if, render_as, is_all_row_required) VALUES (50, 1, 0, '3.2', '{3.1} = ''yes''', 'radiogroup', 'How long have you had this condition?', null, 5, null, null, null, null, 10, 13, null, 1, null, null, 0);
INSERT INTO elements (elements_id, start_with_new_line, has_other, name, visible_if, type, title, title_location, col_count, description, input_type, other_text, popupdescription, page_id, questionnaires_id, choices_by_url, is_required, enable_if, render_as, is_all_row_required) VALUES (51, 1, 0, '3.3', '{3.1} = ''yes''', 'radiogroup', 'Were you ever treated for this condition', 'left', 0, null, null, null, null, 10, 13, null, 1, null, null, 0);
INSERT INTO elements (elements_id, start_with_new_line, has_other, name, visible_if, type, title, title_location, col_count, description, input_type, other_text, popupdescription, page_id, questionnaires_id, choices_by_url, is_required, enable_if, render_as, is_all_row_required) VALUES (52, 1, 0, '3.4', '{3.3} = ''yes''', 'radiogroup', 'Are you currently treating this condition?', 'left', 0, null, null, null, null, 10, 13, null, 1, null, null, 0);
INSERT INTO elements (elements_id, start_with_new_line, has_other, name, visible_if, type, title, title_location, col_count, description, input_type, other_text, popupdescription, page_id, questionnaires_id, choices_by_url, is_required, enable_if, render_as, is_all_row_required) VALUES (53, 1, 0, '3.5', '{3.3} = ''yes'' and {3.4} = ''yes''', 'checkbox', 'Please indicate how you are treating the condition?', 'top', 3, 'Medication/supplements (please list the medications you believe to be taking for this condition):', null, null, null, 10, 13, null, 1, null, null, 0);
INSERT INTO elements (elements_id, start_with_new_line, has_other, name, visible_if, type, title, title_location, col_count, description, input_type, other_text, popupdescription, page_id, questionnaires_id, choices_by_url, is_required, enable_if, render_as, is_all_row_required) VALUES (54, 1, 1, '3.6', '{3.3} = ''yes'' and {3.4} = ''yes'' and {3.5} contains ''other''', 'dropdown', 'Please select the other medication', 'left', 0, null, null, null, null, 10, 13, 'http://localhost:8080/api/adapt/questionnaire/medicine', 1, null, 'select2', 0);
INSERT INTO elements (elements_id, start_with_new_line, has_other, name, visible_if, type, title, title_location, col_count, description, input_type, other_text, popupdescription, page_id, questionnaires_id, choices_by_url, is_required, enable_if, render_as, is_all_row_required) VALUES (166, 1, 0, '30', null, 'radiogroup', '30. During the past month, did you eat any popcorn?', null, 3, null, null, null, null, 36, 17, null, 1, null, null, 0);
INSERT INTO elements (elements_id, start_with_new_line, has_other, name, visible_if, type, title, title_location, col_count, description, input_type, other_text, popupdescription, page_id, questionnaires_id, choices_by_url, is_required, enable_if, render_as, is_all_row_required) VALUES (167, 1, 0, '30.1', '{30} = ''yes''', 'radiogroup', '30.a. During the past month, how often did you eat popcorn? You can report per day, per week, or per month.', null, 4, null, null, null, null, 36, 17, null, 1, null, null, 0);
INSERT INTO elements (elements_id, start_with_new_line, has_other, name, visible_if, type, title, title_location, col_count, description, input_type, other_text, popupdescription, page_id, questionnaires_id, choices_by_url, is_required, enable_if, render_as, is_all_row_required) VALUES (82, 1, 0, '4', null, 'radiogroup', 'Sex:', 'left', 2, null, null, null, null, 15, 14, null, 1, null, null, 0);
INSERT INTO elements (elements_id, start_with_new_line, has_other, name, visible_if, type, title, title_location, col_count, description, input_type, other_text, popupdescription, page_id, questionnaires_id, choices_by_url, is_required, enable_if, render_as, is_all_row_required) VALUES (96, 1, 0, '4', null, 'matrix', 'Executive Functioning: Planning', null, 0, null, null, null, null, 22, 15, null, 1, null, null, 1);
INSERT INTO elements (elements_id, start_with_new_line, has_other, name, visible_if, type, title, title_location, col_count, description, input_type, other_text, popupdescription, page_id, questionnaires_id, choices_by_url, is_required, enable_if, render_as, is_all_row_required) VALUES (101, 1, 0, '4', null, 'checkbox', '3. I do some light physical activity every week.', null, 2, null, null, null, null, 25, 16, null, 1, null, null, 0);
INSERT INTO elements (elements_id, start_with_new_line, has_other, name, visible_if, type, title, title_location, col_count, description, input_type, other_text, popupdescription, page_id, questionnaires_id, choices_by_url, is_required, enable_if, render_as, is_all_row_required) VALUES (112, 1, 1, '4', null, 'radiogroup', '4. During the past month, what kind of cereal did you usually eat?  ', null, 3, null, null, 'Other  Cereal(describe)', null, 28, 17, null, 1, null, null, 0);
INSERT INTO elements (elements_id, start_with_new_line, has_other, name, visible_if, type, title, title_location, col_count, description, input_type, other_text, popupdescription, page_id, questionnaires_id, choices_by_url, is_required, enable_if, render_as, is_all_row_required) VALUES (55, 1, 0, '4.1', null, 'radiogroup', '3.Have you ever been diagnosed with a medical condition related to Diabetes Mellitus?', 'top', 0, null, null, 'Unknown', null, 11, 13, null, 1, null, null, 0);
INSERT INTO elements (elements_id, start_with_new_line, has_other, name, visible_if, type, title, title_location, col_count, description, input_type, other_text, popupdescription, page_id, questionnaires_id, choices_by_url, is_required, enable_if, render_as, is_all_row_required) VALUES (113, 1, 1, '4.1', '{4} = ''hotcereal''', 'dropdown', 'Please select the type of Hot Cereal', 'left', 0, null, null, 'Type of Other Hot Cereal(describe)', null, 28, 17, 'http://localhost:8080/api/adapt/questionnaire/cerealList', 1, null, null, 0);
INSERT INTO elements (elements_id, start_with_new_line, has_other, name, visible_if, type, title, title_location, col_count, description, input_type, other_text, popupdescription, page_id, questionnaires_id, choices_by_url, is_required, enable_if, render_as, is_all_row_required) VALUES (56, 1, 0, '4.2', '{4.1} = ''yes''', 'radiogroup', 'How long have you had this condition?', null, 5, null, null, null, null, 11, 13, null, 1, null, null, 0);
INSERT INTO elements (elements_id, start_with_new_line, has_other, name, visible_if, type, title, title_location, col_count, description, input_type, other_text, popupdescription, page_id, questionnaires_id, choices_by_url, is_required, enable_if, render_as, is_all_row_required) VALUES (114, 1, 1, '4.2', '{4} = ''coldcereal''', 'dropdown', 'Please select the type of Cold Cereal', 'left', 0, null, null, 'Type of Other Cold Cereal(describe)', null, 28, 17, 'http://localhost:8080/api/adapt/questionnaire/cerealList', 1, null, null, 0);
INSERT INTO elements (elements_id, start_with_new_line, has_other, name, visible_if, type, title, title_location, col_count, description, input_type, other_text, popupdescription, page_id, questionnaires_id, choices_by_url, is_required, enable_if, render_as, is_all_row_required) VALUES (57, 1, 0, '4.3', '{4.1} = ''yes''', 'radiogroup', 'Were you ever treated for this condition', 'left', 0, null, null, null, null, 11, 13, null, 1, null, null, 0);
INSERT INTO elements (elements_id, start_with_new_line, has_other, name, visible_if, type, title, title_location, col_count, description, input_type, other_text, popupdescription, page_id, questionnaires_id, choices_by_url, is_required, enable_if, render_as, is_all_row_required) VALUES (58, 1, 0, '4.4', '{4.3} = ''yes''', 'radiogroup', 'Are you currently treating this condition?', 'left', 0, null, null, null, null, 11, 13, null, 1, null, null, 0);
INSERT INTO elements (elements_id, start_with_new_line, has_other, name, visible_if, type, title, title_location, col_count, description, input_type, other_text, popupdescription, page_id, questionnaires_id, choices_by_url, is_required, enable_if, render_as, is_all_row_required) VALUES (59, 1, 0, '4.5', '{4.3} = ''yes'' and {4.4} = ''yes''', 'checkbox', 'Please indicate how you are treating the condition?', 'top', 3, 'Medication/supplements (please list the medications you believe to be taking for this condition):', null, null, null, 11, 13, null, 1, null, null, 0);
INSERT INTO elements (elements_id, start_with_new_line, has_other, name, visible_if, type, title, title_location, col_count, description, input_type, other_text, popupdescription, page_id, questionnaires_id, choices_by_url, is_required, enable_if, render_as, is_all_row_required) VALUES (60, 1, 1, '4.6', '{4.3} = ''yes'' and {4.4} = ''yes'' and {4.5} contains ''other''', 'dropdown', 'Please select the other medication', 'left', 0, null, null, null, null, 11, 13, 'http://localhost:8080/api/adapt/questionnaire/medicine', 1, null, 'select2', 0);
INSERT INTO elements (elements_id, start_with_new_line, has_other, name, visible_if, type, title, title_location, col_count, description, input_type, other_text, popupdescription, page_id, questionnaires_id, choices_by_url, is_required, enable_if, render_as, is_all_row_required) VALUES (83, 1, 0, '5', null, 'checkbox', '1. Do you snore?', null, 3, null, null, null, null, 16, 14, null, 1, null, null, 0);
INSERT INTO elements (elements_id, start_with_new_line, has_other, name, visible_if, type, title, title_location, col_count, description, input_type, other_text, popupdescription, page_id, questionnaires_id, choices_by_url, is_required, enable_if, render_as, is_all_row_required) VALUES (97, 1, 0, '5', null, 'matrix', 'Executive Functioning: Organization', null, 0, null, null, null, null, 23, 15, null, 1, null, null, 1);
INSERT INTO elements (elements_id, start_with_new_line, has_other, name, visible_if, type, title, title_location, col_count, description, input_type, other_text, popupdescription, page_id, questionnaires_id, choices_by_url, is_required, enable_if, render_as, is_all_row_required) VALUES (102, 1, 0, '5', null, 'checkbox', '4. I do moderate physical activities every week, but less than 30 minutes a day or 5 days a week.', null, 2, null, null, null, null, 25, 16, null, 1, null, null, 0);
INSERT INTO elements (elements_id, start_with_new_line, has_other, name, visible_if, type, title, title_location, col_count, description, input_type, other_text, popupdescription, page_id, questionnaires_id, choices_by_url, is_required, enable_if, render_as, is_all_row_required) VALUES (115, 1, 0, '5', null, 'radiogroup', '5. Was there another second cereal that you usually ate?', null, 2, null, null, null, null, 28, 17, null, 1, null, null, 0);
INSERT INTO elements (elements_id, start_with_new_line, has_other, name, visible_if, type, title, title_location, col_count, description, input_type, other_text, popupdescription, page_id, questionnaires_id, choices_by_url, is_required, enable_if, render_as, is_all_row_required) VALUES (61, 1, 0, '5.1', null, 'radiogroup', '4. Have you ever been diagnosed with a medical condition related to kidney health or function?', 'top', 0, null, null, 'Unknown', null, 12, 13, null, 1, null, null, 0);
INSERT INTO elements (elements_id, start_with_new_line, has_other, name, visible_if, type, title, title_location, col_count, description, input_type, other_text, popupdescription, page_id, questionnaires_id, choices_by_url, is_required, enable_if, render_as, is_all_row_required) VALUES (116, 1, 1, '5.1', '{5} = ''yes''', 'radiogroup', '5.a. During the past month, what kind of second cereal did you usually eat?  ', null, 3, null, null, 'Other  Cereal(describe)', null, 28, 17, null, 1, null, null, 0);
INSERT INTO elements (elements_id, start_with_new_line, has_other, name, visible_if, type, title, title_location, col_count, description, input_type, other_text, popupdescription, page_id, questionnaires_id, choices_by_url, is_required, enable_if, render_as, is_all_row_required) VALUES (62, 1, 0, '5.2', '{5.1} = ''yes''', 'radiogroup', 'How long have you had this condition?', null, 5, null, null, null, null, 12, 13, null, 1, null, null, 0);
INSERT INTO elements (elements_id, start_with_new_line, has_other, name, visible_if, type, title, title_location, col_count, description, input_type, other_text, popupdescription, page_id, questionnaires_id, choices_by_url, is_required, enable_if, render_as, is_all_row_required) VALUES (117, 1, 1, '5.2', '{5} = ''yes'' and {5.1} = ''hotcereal''', 'dropdown', 'Please select the type of Hot Cereal', 'left', 0, null, null, 'Type of Other Hot Cereal(describe)', null, 28, 17, 'http://localhost:8080/api/adapt/questionnaire/cerealList', 1, null, null, 0);
INSERT INTO elements (elements_id, start_with_new_line, has_other, name, visible_if, type, title, title_location, col_count, description, input_type, other_text, popupdescription, page_id, questionnaires_id, choices_by_url, is_required, enable_if, render_as, is_all_row_required) VALUES (63, 1, 0, '5.3', '{5.1} = ''yes''', 'radiogroup', 'Were you ever treated for this condition', 'left', 0, null, null, null, null, 12, 13, null, 1, null, null, 0);
INSERT INTO elements (elements_id, start_with_new_line, has_other, name, visible_if, type, title, title_location, col_count, description, input_type, other_text, popupdescription, page_id, questionnaires_id, choices_by_url, is_required, enable_if, render_as, is_all_row_required) VALUES (118, 1, 1, '5.3', '{5} = ''yes'' and {5.1} = ''coldcereal''', 'dropdown', 'Please select the type of Cold Cereal', 'left', 0, null, null, 'Type of Other Cold Cereal(describe)', null, 28, 17, 'http://localhost:8080/api/adapt/questionnaire/cerealList', 1, null, null, 0);
INSERT INTO elements (elements_id, start_with_new_line, has_other, name, visible_if, type, title, title_location, col_count, description, input_type, other_text, popupdescription, page_id, questionnaires_id, choices_by_url, is_required, enable_if, render_as, is_all_row_required) VALUES (64, 1, 0, '5.4', '{5.3} = ''yes''', 'radiogroup', 'Are you currently treating this condition?', 'left', 0, null, null, null, null, 12, 13, null, 1, null, null, 0);
INSERT INTO elements (elements_id, start_with_new_line, has_other, name, visible_if, type, title, title_location, col_count, description, input_type, other_text, popupdescription, page_id, questionnaires_id, choices_by_url, is_required, enable_if, render_as, is_all_row_required) VALUES (65, 1, 0, '5.5', '{5.3} = ''yes'' and {5.4} = ''yes''', 'checkbox', 'Please indicate how you are treating the condition?', 'top', 3, 'Medication/supplements (please list the medications you believe to be taking for this condition):', null, null, null, 12, 13, null, 1, null, null, 0);
INSERT INTO elements (elements_id, start_with_new_line, has_other, name, visible_if, type, title, title_location, col_count, description, input_type, other_text, popupdescription, page_id, questionnaires_id, choices_by_url, is_required, enable_if, render_as, is_all_row_required) VALUES (66, 1, 1, '5.6', '{5.3} = ''yes'' and {5.4} = ''yes'' and {5.5} contains ''other''', 'dropdown', 'Please select the other medication', 'left', 0, null, null, null, null, 12, 13, 'http://localhost:8080/api/adapt/questionnaire/medicine', 1, null, 'select2', 0);
INSERT INTO elements (elements_id, start_with_new_line, has_other, name, visible_if, type, title, title_location, col_count, description, input_type, other_text, popupdescription, page_id, questionnaires_id, choices_by_url, is_required, enable_if, render_as, is_all_row_required) VALUES (84, 1, 0, '6', '{5} = [''yes'']', 'checkbox', '2. Your snoring is:', null, 2, null, null, null, null, 16, 14, null, 1, null, null, 0);
INSERT INTO elements (elements_id, start_with_new_line, has_other, name, visible_if, type, title, title_location, col_count, description, input_type, other_text, popupdescription, page_id, questionnaires_id, choices_by_url, is_required, enable_if, render_as, is_all_row_required) VALUES (98, 1, 0, '6', null, 'matrix', 'Executive Functioning: Divided Attention', null, 0, null, null, null, null, 24, 15, null, 1, null, null, 1);
INSERT INTO elements (elements_id, start_with_new_line, has_other, name, visible_if, type, title, title_location, col_count, description, input_type, other_text, popupdescription, page_id, questionnaires_id, choices_by_url, is_required, enable_if, render_as, is_all_row_required) VALUES (103, 1, 0, '6', null, 'checkbox', '5. I do vigorous physical activities every week, but less than 20 minutes a day or 3 days a week.', null, 2, null, null, null, null, 25, 16, null, 1, null, null, 0);
INSERT INTO elements (elements_id, start_with_new_line, has_other, name, visible_if, type, title, title_location, col_count, description, input_type, other_text, popupdescription, page_id, questionnaires_id, choices_by_url, is_required, enable_if, render_as, is_all_row_required) VALUES (119, 1, 0, '6', null, 'radiogroup', '6. During the past month, did you have any milk (either to drink or on cereal)? Include regular milks, chocolate or other flavored milks, lactose-free milk, buttermilk. Do not include soy milk or small amounts of milk in coffee or tea.', null, 3, null, null, null, null, 28, 17, null, 1, null, null, 0);
INSERT INTO elements (elements_id, start_with_new_line, has_other, name, visible_if, type, title, title_location, col_count, description, input_type, other_text, popupdescription, page_id, questionnaires_id, choices_by_url, is_required, enable_if, render_as, is_all_row_required) VALUES (67, 1, 0, '6.1', null, 'radiogroup', '5.Have you ever been diagnosed with a medical condition related to heart health or function?', 'top', 0, null, null, 'Unknown', null, 13, 13, null, 1, null, null, 0);
INSERT INTO elements (elements_id, start_with_new_line, has_other, name, visible_if, type, title, title_location, col_count, description, input_type, other_text, popupdescription, page_id, questionnaires_id, choices_by_url, is_required, enable_if, render_as, is_all_row_required) VALUES (120, 1, 0, '6.1', '{6} = ''yes''', 'radiogroup', '6.a. During the past month, how often did you have any milk (either to drink or on cereal)? You
               can report per day, per week, or per month.
', null, 4, null, null, null, null, 28, 17, null, 1, null, null, 0);
INSERT INTO elements (elements_id, start_with_new_line, has_other, name, visible_if, type, title, title_location, col_count, description, input_type, other_text, popupdescription, page_id, questionnaires_id, choices_by_url, is_required, enable_if, render_as, is_all_row_required) VALUES (68, 1, 0, '6.2', '{6.1} = ''yes''', 'radiogroup', 'How long have you had this condition?', null, 5, null, null, null, null, 13, 13, null, 1, null, null, 0);
INSERT INTO elements (elements_id, start_with_new_line, has_other, name, visible_if, type, title, title_location, col_count, description, input_type, other_text, popupdescription, page_id, questionnaires_id, choices_by_url, is_required, enable_if, render_as, is_all_row_required) VALUES (69, 1, 0, '6.3', '{6.1} = ''yes''', 'radiogroup', 'Were you ever treated for this condition', 'left', 0, null, null, null, null, 13, 13, null, 1, null, null, 0);
INSERT INTO elements (elements_id, start_with_new_line, has_other, name, visible_if, type, title, title_location, col_count, description, input_type, other_text, popupdescription, page_id, questionnaires_id, choices_by_url, is_required, enable_if, render_as, is_all_row_required) VALUES (70, 1, 0, '6.4', '{6.3} = ''yes''', 'radiogroup', 'Are you currently treating this condition?', 'left', 0, null, null, null, null, 13, 13, null, 1, null, null, 0);
INSERT INTO elements (elements_id, start_with_new_line, has_other, name, visible_if, type, title, title_location, col_count, description, input_type, other_text, popupdescription, page_id, questionnaires_id, choices_by_url, is_required, enable_if, render_as, is_all_row_required) VALUES (71, 1, 0, '6.5', '{6.3} = ''yes'' and {6.4} = ''yes''', 'checkbox', 'Please indicate how you are treating the condition?', 'top', 3, 'Medication/supplements (please list the medications you believe to be taking for this condition):', null, null, null, 13, 13, null, 1, null, null, 0);
INSERT INTO elements (elements_id, start_with_new_line, has_other, name, visible_if, type, title, title_location, col_count, description, input_type, other_text, popupdescription, page_id, questionnaires_id, choices_by_url, is_required, enable_if, render_as, is_all_row_required) VALUES (72, 1, 1, '6.6', '{6.3} = ''yes'' and {6.4} = ''yes'' and {6.5} contains ''other''', 'dropdown', 'Please select the other medication', 'left', 0, null, null, null, null, 13, 13, 'http://localhost:8080/api/adapt/questionnaire/medicine', 1, null, 'select2', 0);
INSERT INTO elements (elements_id, start_with_new_line, has_other, name, visible_if, type, title, title_location, col_count, description, input_type, other_text, popupdescription, page_id, questionnaires_id, choices_by_url, is_required, enable_if, render_as, is_all_row_required) VALUES (85, 1, 0, '7', '{5} = [''yes'']', 'checkbox', '3. How often do you snore?', null, 2, null, null, null, null, 16, 14, null, 1, null, null, 0);
INSERT INTO elements (elements_id, start_with_new_line, has_other, name, visible_if, type, title, title_location, col_count, description, input_type, other_text, popupdescription, page_id, questionnaires_id, choices_by_url, is_required, enable_if, render_as, is_all_row_required) VALUES (104, 1, 0, '7', null, 'checkbox', '6. I do 30 minutes or more a day of moderate physical activities, 5 or more days a week.', null, 2, null, null, null, null, 25, 16, null, 1, null, null, 0);
INSERT INTO elements (elements_id, start_with_new_line, has_other, name, visible_if, type, title, title_location, col_count, description, input_type, other_text, popupdescription, page_id, questionnaires_id, choices_by_url, is_required, enable_if, render_as, is_all_row_required) VALUES (121, 1, 1, '7', null, 'radiogroup', '7. During the past month, what kind of milk did you usually drink?', null, 3, null, null, null, null, 29, 17, null, 1, null, null, 0);
INSERT INTO elements (elements_id, start_with_new_line, has_other, name, visible_if, type, title, title_location, col_count, description, input_type, other_text, popupdescription, page_id, questionnaires_id, choices_by_url, is_required, enable_if, render_as, is_all_row_required) VALUES (73, 1, 0, '7.1', null, 'radiogroup', '6.Have you ever been diagnosed with a medical condition related to artery/vascular health or function?', 'top', 0, null, null, 'Unknown', null, 14, 13, null, 1, null, null, 0);
INSERT INTO elements (elements_id, start_with_new_line, has_other, name, visible_if, type, title, title_location, col_count, description, input_type, other_text, popupdescription, page_id, questionnaires_id, choices_by_url, is_required, enable_if, render_as, is_all_row_required) VALUES (74, 1, 0, '7.2', '{7.1} = ''yes''', 'radiogroup', 'How long have you had this condition?', null, 5, null, null, null, null, 14, 13, null, 1, null, null, 0);
INSERT INTO elements (elements_id, start_with_new_line, has_other, name, visible_if, type, title, title_location, col_count, description, input_type, other_text, popupdescription, page_id, questionnaires_id, choices_by_url, is_required, enable_if, render_as, is_all_row_required) VALUES (75, 1, 0, '7.3', '{7.1} = ''yes''', 'radiogroup', 'Were you ever treated for this condition', 'left', 0, null, null, null, null, 14, 13, null, 1, null, null, 0);
INSERT INTO elements (elements_id, start_with_new_line, has_other, name, visible_if, type, title, title_location, col_count, description, input_type, other_text, popupdescription, page_id, questionnaires_id, choices_by_url, is_required, enable_if, render_as, is_all_row_required) VALUES (76, 1, 0, '7.4', '{7.3} = ''yes''', 'radiogroup', 'Are you currently treating this condition?', 'left', 0, null, null, null, null, 14, 13, null, 1, null, null, 0);
INSERT INTO elements (elements_id, start_with_new_line, has_other, name, visible_if, type, title, title_location, col_count, description, input_type, other_text, popupdescription, page_id, questionnaires_id, choices_by_url, is_required, enable_if, render_as, is_all_row_required) VALUES (77, 1, 0, '7.5', '{7.3} = ''yes'' and {7.4} = ''yes''', 'checkbox', 'Please indicate how you are treating the condition?', 'top', 3, 'Medication/supplements (please list the medications you believe to be taking for this condition):', null, null, null, 14, 13, null, 1, null, null, 0);
INSERT INTO elements (elements_id, start_with_new_line, has_other, name, visible_if, type, title, title_location, col_count, description, input_type, other_text, popupdescription, page_id, questionnaires_id, choices_by_url, is_required, enable_if, render_as, is_all_row_required) VALUES (78, 1, 1, '7.6', '{7.3} = ''yes'' and {7.4} = ''yes'' and {7.5} contains ''other''', 'dropdown', 'Please select the other medication', 'left', 0, null, null, null, null, 14, 13, 'http://localhost:8080/api/adapt/questionnaire/medicine', 1, null, 'select2', 0);
INSERT INTO elements (elements_id, start_with_new_line, has_other, name, visible_if, type, title, title_location, col_count, description, input_type, other_text, popupdescription, page_id, questionnaires_id, choices_by_url, is_required, enable_if, render_as, is_all_row_required) VALUES (86, 1, 0, '8', '{5} = [''yes'']', 'checkbox', '4. Has your snoring ever bothered other people?', null, 3, null, null, null, null, 16, 14, null, 1, null, null, 0);
INSERT INTO elements (elements_id, start_with_new_line, has_other, name, visible_if, type, title, title_location, col_count, description, input_type, other_text, popupdescription, page_id, questionnaires_id, choices_by_url, is_required, enable_if, render_as, is_all_row_required) VALUES (105, 1, 0, '8', null, 'checkbox', '7. I do 20 minutes or more a day of vigorous physical activities, 3 or more days a week.', null, 2, null, null, null, null, 25, 16, null, 1, null, null, 0);
INSERT INTO elements (elements_id, start_with_new_line, has_other, name, visible_if, type, title, title_location, col_count, description, input_type, other_text, popupdescription, page_id, questionnaires_id, choices_by_url, is_required, enable_if, render_as, is_all_row_required) VALUES (122, 1, 0, '8', null, 'radiogroup', '8. During the past month, did you drink any regular soda or pop that contains sugar?  Do not include diet soda', null, 3, null, null, null, null, 29, 17, null, 1, null, null, 0);
INSERT INTO elements (elements_id, start_with_new_line, has_other, name, visible_if, type, title, title_location, col_count, description, input_type, other_text, popupdescription, page_id, questionnaires_id, choices_by_url, is_required, enable_if, render_as, is_all_row_required) VALUES (123, 1, 0, '8.1', '{8} = ''yes''', 'radiogroup', '8.a. During the past month, how often did you drink regular soda or pop? You can report per
               day, per week, or per month
', null, 4, null, null, null, null, 29, 17, null, 1, null, null, 0);
INSERT INTO elements (elements_id, start_with_new_line, has_other, name, visible_if, type, title, title_location, col_count, description, input_type, other_text, popupdescription, page_id, questionnaires_id, choices_by_url, is_required, enable_if, render_as, is_all_row_required) VALUES (87, 1, 0, '9', '{5} = [''yes'']', 'checkbox', '5. Has anyone noticed that you quit breathing during your sleep?', null, 2, null, null, null, null, 16, 14, null, 1, null, null, 0);
INSERT INTO elements (elements_id, start_with_new_line, has_other, name, visible_if, type, title, title_location, col_count, description, input_type, other_text, popupdescription, page_id, questionnaires_id, choices_by_url, is_required, enable_if, render_as, is_all_row_required) VALUES (106, 1, 0, '9', null, 'checkbox', '8. I do activities to increase muscle strength, such as lifting weights or calisthenics, once a week or more.', null, 2, null, null, null, null, 26, 16, null, 1, null, null, 0);
INSERT INTO elements (elements_id, start_with_new_line, has_other, name, visible_if, type, title, title_location, col_count, description, input_type, other_text, popupdescription, page_id, questionnaires_id, choices_by_url, is_required, enable_if, render_as, is_all_row_required) VALUES (124, 1, 0, '9', null, 'radiogroup', '9. During the past month, did you drink any 100% pure fruit juices such as orange, mango, apple, grape and pineapple juices? Do not include fruit-flavored drinks with added sugar or fruit juice you made at home and added sugar to', null, 3, null, null, null, null, 29, 17, null, 1, null, null, 0);
INSERT INTO elements (elements_id, start_with_new_line, has_other, name, visible_if, type, title, title_location, col_count, description, input_type, other_text, popupdescription, page_id, questionnaires_id, choices_by_url, is_required, enable_if, render_as, is_all_row_required) VALUES (125, 1, 0, '9.1', '{9} = ''yes''', 'radiogroup', '9.a. During the past month, how often did you drink regular soda or pop? You can report per day, per week, or per month', null, 4, null, null, null, null, 29, 17, null, 1, null, null, 0);


INSERT INTO choices (chioce_id, name, value, elements_id) VALUES (105, 'Patient', 'patient', 40);
INSERT INTO choices (chioce_id, name, value, elements_id) VALUES (106, 'Informant/Family Member', 'relative', 40);
INSERT INTO choices (chioce_id, name, value, elements_id) VALUES (107, 'Yes', 'yes', 43);
INSERT INTO choices (chioce_id, name, value, elements_id) VALUES (108, 'No', 'no', 43);
INSERT INTO choices (chioce_id, name, value, elements_id) VALUES (109, 'Unknown', 'unknown', 43);
INSERT INTO choices (chioce_id, name, value, elements_id) VALUES (110, '0 to 5 Years', '0to5years', 44);
INSERT INTO choices (chioce_id, name, value, elements_id) VALUES (111, '6 to 10 Years', '6to10years', 44);
INSERT INTO choices (chioce_id, name, value, elements_id) VALUES (112, '11 to 20 Years', '11to20years', 44);
INSERT INTO choices (chioce_id, name, value, elements_id) VALUES (113, '21 to 30 Years', '21to30years', 44);
INSERT INTO choices (chioce_id, name, value, elements_id) VALUES (114, '30+ Years', '30plusyears', 44);
INSERT INTO choices (chioce_id, name, value, elements_id) VALUES (115, 'Yes', 'yes', 45);
INSERT INTO choices (chioce_id, name, value, elements_id) VALUES (116, 'No', 'no', 45);
INSERT INTO choices (chioce_id, name, value, elements_id) VALUES (117, 'Unknown', 'unknown', 45);
INSERT INTO choices (chioce_id, name, value, elements_id) VALUES (118, 'Yes', 'yes', 46);
INSERT INTO choices (chioce_id, name, value, elements_id) VALUES (119, 'No', 'no', 46);
INSERT INTO choices (chioce_id, name, value, elements_id) VALUES (120, 'Unknown', 'unknown', 46);
INSERT INTO choices (chioce_id, name, value, elements_id) VALUES (121, 'Diet', 'diet', 47);
INSERT INTO choices (chioce_id, name, value, elements_id) VALUES (122, 'Excersise', 'excersise', 47);
INSERT INTO choices (chioce_id, name, value, elements_id) VALUES (123, 'Other medication', 'other', 47);
INSERT INTO choices (chioce_id, name, value, elements_id) VALUES (124, 'Yes', 'yes', 49);
INSERT INTO choices (chioce_id, name, value, elements_id) VALUES (125, 'No', 'no', 49);
INSERT INTO choices (chioce_id, name, value, elements_id) VALUES (126, 'Unknown', 'unknown', 49);
INSERT INTO choices (chioce_id, name, value, elements_id) VALUES (127, '0 to 5 Years', '0to5years', 50);
INSERT INTO choices (chioce_id, name, value, elements_id) VALUES (128, '6 to 10 Years', '6to10years', 50);
INSERT INTO choices (chioce_id, name, value, elements_id) VALUES (129, '11 to 20 Years', '11to20years', 50);
INSERT INTO choices (chioce_id, name, value, elements_id) VALUES (130, '21 to 30 Years', '21to30years', 50);
INSERT INTO choices (chioce_id, name, value, elements_id) VALUES (131, '30+ Years', '30plusyears', 50);
INSERT INTO choices (chioce_id, name, value, elements_id) VALUES (132, 'Yes', 'yes', 51);
INSERT INTO choices (chioce_id, name, value, elements_id) VALUES (133, 'No', 'no', 51);
INSERT INTO choices (chioce_id, name, value, elements_id) VALUES (134, 'Unknown', 'unknown', 51);
INSERT INTO choices (chioce_id, name, value, elements_id) VALUES (135, 'Yes', 'yes', 52);
INSERT INTO choices (chioce_id, name, value, elements_id) VALUES (136, 'No', 'no', 52);
INSERT INTO choices (chioce_id, name, value, elements_id) VALUES (137, 'Unknown', 'unknown', 52);
INSERT INTO choices (chioce_id, name, value, elements_id) VALUES (138, 'Diet', 'diet', 53);
INSERT INTO choices (chioce_id, name, value, elements_id) VALUES (139, 'Excersise', 'excersise', 53);
INSERT INTO choices (chioce_id, name, value, elements_id) VALUES (140, 'Other medication', 'other', 53);
INSERT INTO choices (chioce_id, name, value, elements_id) VALUES (141, 'Yes', 'yes', 55);
INSERT INTO choices (chioce_id, name, value, elements_id) VALUES (142, 'No', 'no', 55);
INSERT INTO choices (chioce_id, name, value, elements_id) VALUES (143, 'Unknown', 'unknown', 55);
INSERT INTO choices (chioce_id, name, value, elements_id) VALUES (144, '0 to 5 Years', '0to5years', 56);
INSERT INTO choices (chioce_id, name, value, elements_id) VALUES (145, '6 to 10 Years', '6to10years', 56);
INSERT INTO choices (chioce_id, name, value, elements_id) VALUES (146, '11 to 20 Years', '11to20years', 56);
INSERT INTO choices (chioce_id, name, value, elements_id) VALUES (147, '21 to 30 Years', '21to30years', 56);
INSERT INTO choices (chioce_id, name, value, elements_id) VALUES (148, '30+ Years', '30plusyears', 56);
INSERT INTO choices (chioce_id, name, value, elements_id) VALUES (149, 'Yes', 'yes', 57);
INSERT INTO choices (chioce_id, name, value, elements_id) VALUES (150, 'No', 'no', 57);
INSERT INTO choices (chioce_id, name, value, elements_id) VALUES (151, 'Unknown', 'unknown', 57);
INSERT INTO choices (chioce_id, name, value, elements_id) VALUES (152, 'Yes', 'yes', 58);
INSERT INTO choices (chioce_id, name, value, elements_id) VALUES (153, 'No', 'no', 58);
INSERT INTO choices (chioce_id, name, value, elements_id) VALUES (154, 'Unknown', 'unknown', 58);
INSERT INTO choices (chioce_id, name, value, elements_id) VALUES (155, 'Diet', 'diet', 59);
INSERT INTO choices (chioce_id, name, value, elements_id) VALUES (156, 'Excersise', 'excersise', 59);
INSERT INTO choices (chioce_id, name, value, elements_id) VALUES (157, 'Other medication', 'other', 59);
INSERT INTO choices (chioce_id, name, value, elements_id) VALUES (158, 'Yes', 'yes', 61);
INSERT INTO choices (chioce_id, name, value, elements_id) VALUES (159, 'No', 'no', 61);
INSERT INTO choices (chioce_id, name, value, elements_id) VALUES (160, 'Unknown', 'unknown', 61);
INSERT INTO choices (chioce_id, name, value, elements_id) VALUES (161, '0 to 5 Years', '0to5years', 62);
INSERT INTO choices (chioce_id, name, value, elements_id) VALUES (162, '6 to 10 Years', '6to10years', 62);
INSERT INTO choices (chioce_id, name, value, elements_id) VALUES (163, '11 to 20 Years', '11to20years', 62);
INSERT INTO choices (chioce_id, name, value, elements_id) VALUES (164, '21 to 30 Years', '21to30years', 62);
INSERT INTO choices (chioce_id, name, value, elements_id) VALUES (165, '30+ Years', '30plusyears', 62);
INSERT INTO choices (chioce_id, name, value, elements_id) VALUES (166, 'Yes', 'yes', 63);
INSERT INTO choices (chioce_id, name, value, elements_id) VALUES (167, 'No', 'no', 63);
INSERT INTO choices (chioce_id, name, value, elements_id) VALUES (168, 'Unknown', 'unknown', 63);
INSERT INTO choices (chioce_id, name, value, elements_id) VALUES (169, 'Yes', 'yes', 64);
INSERT INTO choices (chioce_id, name, value, elements_id) VALUES (170, 'No', 'no', 64);
INSERT INTO choices (chioce_id, name, value, elements_id) VALUES (171, 'Unknown', 'unknown', 64);
INSERT INTO choices (chioce_id, name, value, elements_id) VALUES (172, 'Diet', 'diet', 65);
INSERT INTO choices (chioce_id, name, value, elements_id) VALUES (173, 'Excersise', 'excersise', 65);
INSERT INTO choices (chioce_id, name, value, elements_id) VALUES (174, 'Other medication', 'other', 65);
INSERT INTO choices (chioce_id, name, value, elements_id) VALUES (175, 'Yes', 'yes', 67);
INSERT INTO choices (chioce_id, name, value, elements_id) VALUES (176, 'No', 'no', 67);
INSERT INTO choices (chioce_id, name, value, elements_id) VALUES (177, 'Unknown', 'unknown', 67);
INSERT INTO choices (chioce_id, name, value, elements_id) VALUES (178, '0 to 5 Years', '0to5years', 68);
INSERT INTO choices (chioce_id, name, value, elements_id) VALUES (179, '6 to 10 Years', '6to10years', 68);
INSERT INTO choices (chioce_id, name, value, elements_id) VALUES (180, '11 to 20 Years', '11to20years', 68);
INSERT INTO choices (chioce_id, name, value, elements_id) VALUES (181, '21 to 30 Years', '21to30years', 68);
INSERT INTO choices (chioce_id, name, value, elements_id) VALUES (182, '30+ Years', '30plusyears', 68);
INSERT INTO choices (chioce_id, name, value, elements_id) VALUES (183, 'Yes', 'yes', 69);
INSERT INTO choices (chioce_id, name, value, elements_id) VALUES (184, 'No', 'no', 69);
INSERT INTO choices (chioce_id, name, value, elements_id) VALUES (185, 'Unknown', 'unknown', 69);
INSERT INTO choices (chioce_id, name, value, elements_id) VALUES (186, 'Yes', 'yes', 70);
INSERT INTO choices (chioce_id, name, value, elements_id) VALUES (187, 'No', 'no', 70);
INSERT INTO choices (chioce_id, name, value, elements_id) VALUES (188, 'Unknown', 'unknown', 70);
INSERT INTO choices (chioce_id, name, value, elements_id) VALUES (189, 'Diet', 'diet', 71);
INSERT INTO choices (chioce_id, name, value, elements_id) VALUES (190, 'Excersise', 'excersise', 71);
INSERT INTO choices (chioce_id, name, value, elements_id) VALUES (191, 'Other medication', 'other', 71);
INSERT INTO choices (chioce_id, name, value, elements_id) VALUES (192, 'Yes', 'yes', 73);
INSERT INTO choices (chioce_id, name, value, elements_id) VALUES (193, 'No', 'no', 73);
INSERT INTO choices (chioce_id, name, value, elements_id) VALUES (194, 'Unknown', 'unknown', 73);
INSERT INTO choices (chioce_id, name, value, elements_id) VALUES (195, '0 to 5 Years', '0to5years', 74);
INSERT INTO choices (chioce_id, name, value, elements_id) VALUES (196, '6 to 10 Years', '6to10years', 74);
INSERT INTO choices (chioce_id, name, value, elements_id) VALUES (197, '11 to 20 Years', '11to20years', 74);
INSERT INTO choices (chioce_id, name, value, elements_id) VALUES (198, '21 to 30 Years', '21to30years', 74);
INSERT INTO choices (chioce_id, name, value, elements_id) VALUES (199, '30+ Years', '30plusyears', 74);
INSERT INTO choices (chioce_id, name, value, elements_id) VALUES (200, 'Yes', 'yes', 75);
INSERT INTO choices (chioce_id, name, value, elements_id) VALUES (201, 'No', 'no', 75);
INSERT INTO choices (chioce_id, name, value, elements_id) VALUES (202, 'Unknown', 'unknown', 75);
INSERT INTO choices (chioce_id, name, value, elements_id) VALUES (203, 'Yes', 'yes', 76);
INSERT INTO choices (chioce_id, name, value, elements_id) VALUES (204, 'No', 'no', 76);
INSERT INTO choices (chioce_id, name, value, elements_id) VALUES (205, 'Unknown', 'unknown', 76);
INSERT INTO choices (chioce_id, name, value, elements_id) VALUES (206, 'Diet', 'diet', 77);
INSERT INTO choices (chioce_id, name, value, elements_id) VALUES (207, 'Excersise', 'excersise', 77);
INSERT INTO choices (chioce_id, name, value, elements_id) VALUES (208, 'Other medication', 'other', 77);
INSERT INTO choices (chioce_id, name, value, elements_id) VALUES (209, 'Male', 'male', 82);
INSERT INTO choices (chioce_id, name, value, elements_id) VALUES (210, 'Female', 'female', 82);
INSERT INTO choices (chioce_id, name, value, elements_id) VALUES (211, 'Yes', 'yes', 83);
INSERT INTO choices (chioce_id, name, value, elements_id) VALUES (212, 'No', 'no', 83);
INSERT INTO choices (chioce_id, name, value, elements_id) VALUES (213, 'Don’t know', 'dontknow', 83);
INSERT INTO choices (chioce_id, name, value, elements_id) VALUES (214, 'Slightly louder than breathing', 'a', 84);
INSERT INTO choices (chioce_id, name, value, elements_id) VALUES (215, 'As loud as talking', 'b', 84);
INSERT INTO choices (chioce_id, name, value, elements_id) VALUES (216, 'Louder than talking', 'c', 84);
INSERT INTO choices (chioce_id, name, value, elements_id) VALUES (217, 'Very loud can be heard in adjacent rooms', 'd', 84);
INSERT INTO choices (chioce_id, name, value, elements_id) VALUES (218, 'Nearly every day', 'a', 85);
INSERT INTO choices (chioce_id, name, value, elements_id) VALUES (219, '3-4 times a week', 'b', 85);
INSERT INTO choices (chioce_id, name, value, elements_id) VALUES (220, '1-2 times a week', 'c', 85);
INSERT INTO choices (chioce_id, name, value, elements_id) VALUES (221, '1-2 times a month', 'd', 85);
INSERT INTO choices (chioce_id, name, value, elements_id) VALUES (222, 'Never or nearly never', 'e', 85);
INSERT INTO choices (chioce_id, name, value, elements_id) VALUES (223, 'Yes', 'yes', 86);
INSERT INTO choices (chioce_id, name, value, elements_id) VALUES (224, 'No', 'no', 86);
INSERT INTO choices (chioce_id, name, value, elements_id) VALUES (225, 'Don''t know', 'dontknow', 86);
INSERT INTO choices (chioce_id, name, value, elements_id) VALUES (226, 'Nearly every day', 'a', 87);
INSERT INTO choices (chioce_id, name, value, elements_id) VALUES (227, '3-4 times a week', 'b', 87);
INSERT INTO choices (chioce_id, name, value, elements_id) VALUES (228, '1-2 times a week', 'c', 87);
INSERT INTO choices (chioce_id, name, value, elements_id) VALUES (229, '1-2 times a month', 'd', 87);
INSERT INTO choices (chioce_id, name, value, elements_id) VALUES (230, 'Never or nearly never', 'e', 87);
INSERT INTO choices (chioce_id, name, value, elements_id) VALUES (231, 'Nearly every day', 'a', 88);
INSERT INTO choices (chioce_id, name, value, elements_id) VALUES (232, '3-4 times a week', 'b', 88);
INSERT INTO choices (chioce_id, name, value, elements_id) VALUES (233, '1-2 times a week', 'c', 88);
INSERT INTO choices (chioce_id, name, value, elements_id) VALUES (234, '1-2 times a month', 'd', 88);
INSERT INTO choices (chioce_id, name, value, elements_id) VALUES (235, 'Never or nearly never', 'e', 88);
INSERT INTO choices (chioce_id, name, value, elements_id) VALUES (236, 'Nearly every day', 'a', 89);
INSERT INTO choices (chioce_id, name, value, elements_id) VALUES (237, '3-4 times a week', 'b', 89);
INSERT INTO choices (chioce_id, name, value, elements_id) VALUES (238, '1-2 times a week', 'c', 89);
INSERT INTO choices (chioce_id, name, value, elements_id) VALUES (239, '1-2 times a month', 'd', 89);
INSERT INTO choices (chioce_id, name, value, elements_id) VALUES (240, 'Never or nearly never', 'e', 89);
INSERT INTO choices (chioce_id, name, value, elements_id) VALUES (241, 'Yes', 'yes', 90);
INSERT INTO choices (chioce_id, name, value, elements_id) VALUES (242, 'No', 'no', 90);
INSERT INTO choices (chioce_id, name, value, elements_id) VALUES (243, 'Nearly every day', 'a', 91);
INSERT INTO choices (chioce_id, name, value, elements_id) VALUES (244, '3-4 times a week', 'b', 91);
INSERT INTO choices (chioce_id, name, value, elements_id) VALUES (245, '1-2 times a week', 'c', 91);
INSERT INTO choices (chioce_id, name, value, elements_id) VALUES (246, '1-2 times a month', 'd', 91);
INSERT INTO choices (chioce_id, name, value, elements_id) VALUES (247, 'Never or nearly never', 'e', 91);
INSERT INTO choices (chioce_id, name, value, elements_id) VALUES (248, 'Yes', 'yes', 92);
INSERT INTO choices (chioce_id, name, value, elements_id) VALUES (249, 'No', 'no', 92);
INSERT INTO choices (chioce_id, name, value, elements_id) VALUES (250, 'Don’t know', 'dontknow', 92);
INSERT INTO choices (chioce_id, name, value, elements_id) VALUES (251, 'Yes', 'yes', 99);
INSERT INTO choices (chioce_id, name, value, elements_id) VALUES (252, 'No', 'no', 99);
INSERT INTO choices (chioce_id, name, value, elements_id) VALUES (253, 'Yes', 'yes', 100);
INSERT INTO choices (chioce_id, name, value, elements_id) VALUES (254, 'No', 'no', 100);
INSERT INTO choices (chioce_id, name, value, elements_id) VALUES (255, 'Yes', 'yes', 101);
INSERT INTO choices (chioce_id, name, value, elements_id) VALUES (256, 'No', 'no', 101);
INSERT INTO choices (chioce_id, name, value, elements_id) VALUES (257, 'Yes', 'yes', 102);
INSERT INTO choices (chioce_id, name, value, elements_id) VALUES (258, 'No', 'no', 102);
INSERT INTO choices (chioce_id, name, value, elements_id) VALUES (259, 'Yes', 'yes', 103);
INSERT INTO choices (chioce_id, name, value, elements_id) VALUES (260, 'No', 'no', 103);
INSERT INTO choices (chioce_id, name, value, elements_id) VALUES (261, 'Yes', 'yes', 104);
INSERT INTO choices (chioce_id, name, value, elements_id) VALUES (262, 'No', 'no', 104);
INSERT INTO choices (chioce_id, name, value, elements_id) VALUES (263, 'Yes', 'yes', 105);
INSERT INTO choices (chioce_id, name, value, elements_id) VALUES (264, 'No', 'no', 105);
INSERT INTO choices (chioce_id, name, value, elements_id) VALUES (265, 'Yes', 'yes', 106);
INSERT INTO choices (chioce_id, name, value, elements_id) VALUES (266, 'No', 'no', 106);
INSERT INTO choices (chioce_id, name, value, elements_id) VALUES (267, 'Yes', 'yes', 107);
INSERT INTO choices (chioce_id, name, value, elements_id) VALUES (268, 'No', 'no', 107);
INSERT INTO choices (chioce_id, name, value, elements_id) VALUES (269, 'Male', 'male', 109);
INSERT INTO choices (chioce_id, name, value, elements_id) VALUES (270, 'Female', 'female', 109);
INSERT INTO choices (chioce_id, name, value, elements_id) VALUES (271, 'Yes', 'yes', 110);
INSERT INTO choices (chioce_id, name, value, elements_id) VALUES (272, 'No', 'no', 110);
INSERT INTO choices (chioce_id, name, value, elements_id) VALUES (273, 'Don''t know', 'dontknow', 110);
INSERT INTO choices (chioce_id, name, value, elements_id) VALUES (274, 'Per day', 'perday', 111);
INSERT INTO choices (chioce_id, name, value, elements_id) VALUES (275, 'Per week', 'perweek', 111);
INSERT INTO choices (chioce_id, name, value, elements_id) VALUES (276, 'Per Month', 'permonth', 111);
INSERT INTO choices (chioce_id, name, value, elements_id) VALUES (277, 'Don''t know', 'dontknow', 111);
INSERT INTO choices (chioce_id, name, value, elements_id) VALUES (278, 'Hot Cereal', 'hotcereal', 112);
INSERT INTO choices (chioce_id, name, value, elements_id) VALUES (279, 'Cold Cereal', 'coldcereal', 112);
INSERT INTO choices (chioce_id, name, value, elements_id) VALUES (280, 'Yes', 'yes', 115);
INSERT INTO choices (chioce_id, name, value, elements_id) VALUES (281, 'no', 'no', 115);
INSERT INTO choices (chioce_id, name, value, elements_id) VALUES (282, 'Hot Cereal', 'hotcereal', 116);
INSERT INTO choices (chioce_id, name, value, elements_id) VALUES (283, 'Cold Cereal', 'coldcereal', 116);
INSERT INTO choices (chioce_id, name, value, elements_id) VALUES (284, 'Yes', 'yes', 119);
INSERT INTO choices (chioce_id, name, value, elements_id) VALUES (285, 'No', 'no', 119);
INSERT INTO choices (chioce_id, name, value, elements_id) VALUES (286, 'Don''t know', 'dontknow', 119);
INSERT INTO choices (chioce_id, name, value, elements_id) VALUES (287, 'Per day', 'perday', 120);
INSERT INTO choices (chioce_id, name, value, elements_id) VALUES (288, 'Per week', 'perweek', 120);
INSERT INTO choices (chioce_id, name, value, elements_id) VALUES (289, 'Per Month', 'permonth', 120);
INSERT INTO choices (chioce_id, name, value, elements_id) VALUES (290, 'Don''t know', 'dontknow', 120);
INSERT INTO choices (chioce_id, name, value, elements_id) VALUES (291, 'Whole milk', 'wholemilk', 121);
INSERT INTO choices (chioce_id, name, value, elements_id) VALUES (292, 'Regular milk/2% fat', 'item2', 121);
INSERT INTO choices (chioce_id, name, value, elements_id) VALUES (293, 'Reduced-fat milk/ 1%, 1/2%', 'item3', 121);
INSERT INTO choices (chioce_id, name, value, elements_id) VALUES (294, 'Low-fat milk/ Fat-free, skim ', 'item4', 121);
INSERT INTO choices (chioce_id, name, value, elements_id) VALUES (295, 'Nonfat milk/ Soy milk', 'item5', 121);
INSERT INTO choices (chioce_id, name, value, elements_id) VALUES (296, 'Yes', 'yes', 122);
INSERT INTO choices (chioce_id, name, value, elements_id) VALUES (297, 'No', 'no', 122);
INSERT INTO choices (chioce_id, name, value, elements_id) VALUES (298, 'Don''t know', 'dontknow', 122);
INSERT INTO choices (chioce_id, name, value, elements_id) VALUES (299, 'Per day', 'perday', 123);
INSERT INTO choices (chioce_id, name, value, elements_id) VALUES (300, 'Per week', 'perweek', 123);
INSERT INTO choices (chioce_id, name, value, elements_id) VALUES (301, 'Per Month', 'permonth', 123);
INSERT INTO choices (chioce_id, name, value, elements_id) VALUES (302, 'Don''t know', 'dontknow', 123);
INSERT INTO choices (chioce_id, name, value, elements_id) VALUES (303, 'Yes', 'yes', 124);
INSERT INTO choices (chioce_id, name, value, elements_id) VALUES (304, 'No', 'no', 124);
INSERT INTO choices (chioce_id, name, value, elements_id) VALUES (305, 'Don''t know', 'dontknow', 124);
INSERT INTO choices (chioce_id, name, value, elements_id) VALUES (306, 'Per day', 'perday', 125);
INSERT INTO choices (chioce_id, name, value, elements_id) VALUES (307, 'Per week', 'perweek', 125);
INSERT INTO choices (chioce_id, name, value, elements_id) VALUES (308, 'Per Month', 'permonth', 125);
INSERT INTO choices (chioce_id, name, value, elements_id) VALUES (309, 'Don''t know', 'dontknow', 125);
INSERT INTO choices (chioce_id, name, value, elements_id) VALUES (310, 'Yes', 'yes', 126);
INSERT INTO choices (chioce_id, name, value, elements_id) VALUES (311, 'No', 'no', 126);
INSERT INTO choices (chioce_id, name, value, elements_id) VALUES (312, 'Don''t know', 'dontknow', 126);
INSERT INTO choices (chioce_id, name, value, elements_id) VALUES (313, 'Per day', 'perday', 127);
INSERT INTO choices (chioce_id, name, value, elements_id) VALUES (314, 'Per week', 'perweek', 127);
INSERT INTO choices (chioce_id, name, value, elements_id) VALUES (315, 'Per Month', 'permonth', 127);
INSERT INTO choices (chioce_id, name, value, elements_id) VALUES (316, 'Don''t know', 'dontknow', 127);
INSERT INTO choices (chioce_id, name, value, elements_id) VALUES (317, 'Yes', 'yes', 128);
INSERT INTO choices (chioce_id, name, value, elements_id) VALUES (318, 'No', 'no', 128);
INSERT INTO choices (chioce_id, name, value, elements_id) VALUES (319, 'Don''t know', 'dontknow', 128);
INSERT INTO choices (chioce_id, name, value, elements_id) VALUES (320, 'Per day', 'perday', 129);
INSERT INTO choices (chioce_id, name, value, elements_id) VALUES (321, 'Per week', 'perweek', 129);
INSERT INTO choices (chioce_id, name, value, elements_id) VALUES (322, 'Per Month', 'permonth', 129);
INSERT INTO choices (chioce_id, name, value, elements_id) VALUES (323, 'Don''t know', 'dontknow', 129);
INSERT INTO choices (chioce_id, name, value, elements_id) VALUES (324, 'Yes', 'yes', 130);
INSERT INTO choices (chioce_id, name, value, elements_id) VALUES (325, 'No', 'no', 130);
INSERT INTO choices (chioce_id, name, value, elements_id) VALUES (326, 'Don''t know', 'dontknow', 130);
INSERT INTO choices (chioce_id, name, value, elements_id) VALUES (327, 'Per day', 'perday', 131);
INSERT INTO choices (chioce_id, name, value, elements_id) VALUES (328, 'Per week', 'perweek', 131);
INSERT INTO choices (chioce_id, name, value, elements_id) VALUES (329, 'Per Month', 'permonth', 131);
INSERT INTO choices (chioce_id, name, value, elements_id) VALUES (330, 'Don''t know', 'dontknow', 131);
INSERT INTO choices (chioce_id, name, value, elements_id) VALUES (331, 'Yes', 'yes', 132);
INSERT INTO choices (chioce_id, name, value, elements_id) VALUES (332, 'No', 'no', 132);
INSERT INTO choices (chioce_id, name, value, elements_id) VALUES (333, 'Don''t know', 'dontknow', 132);
INSERT INTO choices (chioce_id, name, value, elements_id) VALUES (334, 'Per day', 'perday', 133);
INSERT INTO choices (chioce_id, name, value, elements_id) VALUES (335, 'Per week', 'perweek', 133);
INSERT INTO choices (chioce_id, name, value, elements_id) VALUES (336, 'Per Month', 'permonth', 133);
INSERT INTO choices (chioce_id, name, value, elements_id) VALUES (337, 'Don''t know', 'dontknow', 133);
INSERT INTO choices (chioce_id, name, value, elements_id) VALUES (338, 'Yes', 'yes', 134);
INSERT INTO choices (chioce_id, name, value, elements_id) VALUES (339, 'No', 'no', 134);
INSERT INTO choices (chioce_id, name, value, elements_id) VALUES (340, 'Don''t know', 'dontknow', 134);
INSERT INTO choices (chioce_id, name, value, elements_id) VALUES (341, 'Per day', 'perday', 135);
INSERT INTO choices (chioce_id, name, value, elements_id) VALUES (342, 'Per week', 'perweek', 135);
INSERT INTO choices (chioce_id, name, value, elements_id) VALUES (343, 'Per Month', 'permonth', 135);
INSERT INTO choices (chioce_id, name, value, elements_id) VALUES (344, 'Don''t know', 'dontknow', 135);
INSERT INTO choices (chioce_id, name, value, elements_id) VALUES (345, 'Yes', 'yes', 136);
INSERT INTO choices (chioce_id, name, value, elements_id) VALUES (346, 'No', 'no', 136);
INSERT INTO choices (chioce_id, name, value, elements_id) VALUES (347, 'Don''t know', 'dontknow', 136);
INSERT INTO choices (chioce_id, name, value, elements_id) VALUES (348, 'Per day', 'perday', 137);
INSERT INTO choices (chioce_id, name, value, elements_id) VALUES (349, 'Per week', 'perweek', 137);
INSERT INTO choices (chioce_id, name, value, elements_id) VALUES (350, 'Per Month', 'permonth', 137);
INSERT INTO choices (chioce_id, name, value, elements_id) VALUES (351, 'Don''t know', 'dontknow', 137);
INSERT INTO choices (chioce_id, name, value, elements_id) VALUES (352, 'Yes', 'yes', 138);
INSERT INTO choices (chioce_id, name, value, elements_id) VALUES (353, 'No', 'no', 138);
INSERT INTO choices (chioce_id, name, value, elements_id) VALUES (354, 'Don''t know', 'dontknow', 138);
INSERT INTO choices (chioce_id, name, value, elements_id) VALUES (355, 'Per day', 'perday', 139);
INSERT INTO choices (chioce_id, name, value, elements_id) VALUES (356, 'Per week', 'perweek', 139);
INSERT INTO choices (chioce_id, name, value, elements_id) VALUES (357, 'Per Month', 'permonth', 139);
INSERT INTO choices (chioce_id, name, value, elements_id) VALUES (358, 'Don''t know', 'dontknow', 139);
INSERT INTO choices (chioce_id, name, value, elements_id) VALUES (359, 'Yes', 'yes', 140);
INSERT INTO choices (chioce_id, name, value, elements_id) VALUES (360, 'No', 'no', 140);
INSERT INTO choices (chioce_id, name, value, elements_id) VALUES (361, 'Don''t know', 'dontknow', 140);
INSERT INTO choices (chioce_id, name, value, elements_id) VALUES (362, 'Per day', 'perday', 141);
INSERT INTO choices (chioce_id, name, value, elements_id) VALUES (363, 'Per week', 'perweek', 141);
INSERT INTO choices (chioce_id, name, value, elements_id) VALUES (364, 'Per Month', 'permonth', 141);
INSERT INTO choices (chioce_id, name, value, elements_id) VALUES (365, 'Don''t know', 'dontknow', 141);
INSERT INTO choices (chioce_id, name, value, elements_id) VALUES (366, 'Yes', 'yes', 142);
INSERT INTO choices (chioce_id, name, value, elements_id) VALUES (367, 'No', 'no', 142);
INSERT INTO choices (chioce_id, name, value, elements_id) VALUES (368, 'Don''t know', 'dontknow', 142);
INSERT INTO choices (chioce_id, name, value, elements_id) VALUES (369, 'Per day', 'perday', 143);
INSERT INTO choices (chioce_id, name, value, elements_id) VALUES (370, 'Per week', 'perweek', 143);
INSERT INTO choices (chioce_id, name, value, elements_id) VALUES (371, 'Per Month', 'permonth', 143);
INSERT INTO choices (chioce_id, name, value, elements_id) VALUES (372, 'Don''t know', 'dontknow', 143);
INSERT INTO choices (chioce_id, name, value, elements_id) VALUES (373, 'Yes', 'yes', 144);
INSERT INTO choices (chioce_id, name, value, elements_id) VALUES (374, 'No', 'no', 144);
INSERT INTO choices (chioce_id, name, value, elements_id) VALUES (375, 'Don''t know', 'dontknow', 144);
INSERT INTO choices (chioce_id, name, value, elements_id) VALUES (376, 'Per day', 'perday', 145);
INSERT INTO choices (chioce_id, name, value, elements_id) VALUES (377, 'Per week', 'perweek', 145);
INSERT INTO choices (chioce_id, name, value, elements_id) VALUES (378, 'Per Month', 'permonth', 145);
INSERT INTO choices (chioce_id, name, value, elements_id) VALUES (379, 'Don''t know', 'dontknow', 145);
INSERT INTO choices (chioce_id, name, value, elements_id) VALUES (380, 'Yes', 'yes', 146);
INSERT INTO choices (chioce_id, name, value, elements_id) VALUES (381, 'No', 'no', 146);
INSERT INTO choices (chioce_id, name, value, elements_id) VALUES (382, 'Don''t know', 'dontknow', 146);
INSERT INTO choices (chioce_id, name, value, elements_id) VALUES (383, 'Per day', 'perday', 147);
INSERT INTO choices (chioce_id, name, value, elements_id) VALUES (384, 'Per week', 'perweek', 147);
INSERT INTO choices (chioce_id, name, value, elements_id) VALUES (385, 'Per Month', 'permonth', 147);
INSERT INTO choices (chioce_id, name, value, elements_id) VALUES (386, 'Don''t know', 'dontknow', 147);
INSERT INTO choices (chioce_id, name, value, elements_id) VALUES (387, 'Yes', 'yes', 148);
INSERT INTO choices (chioce_id, name, value, elements_id) VALUES (388, 'No', 'no', 148);
INSERT INTO choices (chioce_id, name, value, elements_id) VALUES (389, 'Don''t know', 'dontknow', 148);
INSERT INTO choices (chioce_id, name, value, elements_id) VALUES (390, 'Per day', 'perday', 149);
INSERT INTO choices (chioce_id, name, value, elements_id) VALUES (391, 'Per week', 'perweek', 149);
INSERT INTO choices (chioce_id, name, value, elements_id) VALUES (392, 'Per Month', 'permonth', 149);
INSERT INTO choices (chioce_id, name, value, elements_id) VALUES (393, 'Don''t know', 'dontknow', 149);
INSERT INTO choices (chioce_id, name, value, elements_id) VALUES (394, 'Yes', 'yes', 150);
INSERT INTO choices (chioce_id, name, value, elements_id) VALUES (395, 'No', 'no', 150);
INSERT INTO choices (chioce_id, name, value, elements_id) VALUES (396, 'Don''t know', 'dontknow', 150);
INSERT INTO choices (chioce_id, name, value, elements_id) VALUES (397, 'Per day', 'perday', 151);
INSERT INTO choices (chioce_id, name, value, elements_id) VALUES (398, 'Per week', 'perweek', 151);
INSERT INTO choices (chioce_id, name, value, elements_id) VALUES (399, 'Per Month', 'permonth', 151);
INSERT INTO choices (chioce_id, name, value, elements_id) VALUES (400, 'Don''t know', 'dontknow', 151);
INSERT INTO choices (chioce_id, name, value, elements_id) VALUES (401, 'Yes', 'yes', 152);
INSERT INTO choices (chioce_id, name, value, elements_id) VALUES (402, 'No', 'no', 152);
INSERT INTO choices (chioce_id, name, value, elements_id) VALUES (403, 'Don''t know', 'dontknow', 152);
INSERT INTO choices (chioce_id, name, value, elements_id) VALUES (404, 'Per day', 'perday', 153);
INSERT INTO choices (chioce_id, name, value, elements_id) VALUES (405, 'Per week', 'perweek', 153);
INSERT INTO choices (chioce_id, name, value, elements_id) VALUES (406, 'Per Month', 'permonth', 153);
INSERT INTO choices (chioce_id, name, value, elements_id) VALUES (407, 'Don''t know', 'dontknow', 153);
INSERT INTO choices (chioce_id, name, value, elements_id) VALUES (408, 'Yes', 'yes', 154);
INSERT INTO choices (chioce_id, name, value, elements_id) VALUES (409, 'No', 'no', 154);
INSERT INTO choices (chioce_id, name, value, elements_id) VALUES (410, 'Don''t know', 'dontknow', 154);
INSERT INTO choices (chioce_id, name, value, elements_id) VALUES (411, 'Per day', 'perday', 155);
INSERT INTO choices (chioce_id, name, value, elements_id) VALUES (412, 'Per week', 'perweek', 155);
INSERT INTO choices (chioce_id, name, value, elements_id) VALUES (413, 'Per Month', 'permonth', 155);
INSERT INTO choices (chioce_id, name, value, elements_id) VALUES (414, 'Don''t know', 'dontknow', 155);
INSERT INTO choices (chioce_id, name, value, elements_id) VALUES (415, 'Yes', 'yes', 156);
INSERT INTO choices (chioce_id, name, value, elements_id) VALUES (416, 'No', 'no', 156);
INSERT INTO choices (chioce_id, name, value, elements_id) VALUES (417, 'Don''t know', 'dontknow', 156);
INSERT INTO choices (chioce_id, name, value, elements_id) VALUES (418, 'Per day', 'perday', 157);
INSERT INTO choices (chioce_id, name, value, elements_id) VALUES (419, 'Per week', 'perweek', 157);
INSERT INTO choices (chioce_id, name, value, elements_id) VALUES (420, 'Per Month', 'permonth', 157);
INSERT INTO choices (chioce_id, name, value, elements_id) VALUES (421, 'Don''t know', 'dontknow', 157);
INSERT INTO choices (chioce_id, name, value, elements_id) VALUES (422, 'Yes', 'yes', 158);
INSERT INTO choices (chioce_id, name, value, elements_id) VALUES (423, 'No', 'no', 158);
INSERT INTO choices (chioce_id, name, value, elements_id) VALUES (424, 'Don''t know', 'dontknow', 158);
INSERT INTO choices (chioce_id, name, value, elements_id) VALUES (425, 'Per day', 'perday', 159);
INSERT INTO choices (chioce_id, name, value, elements_id) VALUES (426, 'Per week', 'perweek', 159);
INSERT INTO choices (chioce_id, name, value, elements_id) VALUES (427, 'Per Month', 'permonth', 159);
INSERT INTO choices (chioce_id, name, value, elements_id) VALUES (428, 'Don''t know', 'dontknow', 159);
INSERT INTO choices (chioce_id, name, value, elements_id) VALUES (429, 'Yes', 'yes', 160);
INSERT INTO choices (chioce_id, name, value, elements_id) VALUES (430, 'No', 'no', 160);
INSERT INTO choices (chioce_id, name, value, elements_id) VALUES (431, 'Don''t know', 'dontknow', 160);
INSERT INTO choices (chioce_id, name, value, elements_id) VALUES (432, 'Per day', 'perday', 161);
INSERT INTO choices (chioce_id, name, value, elements_id) VALUES (433, 'Per week', 'perweek', 161);
INSERT INTO choices (chioce_id, name, value, elements_id) VALUES (434, 'Per Month', 'permonth', 161);
INSERT INTO choices (chioce_id, name, value, elements_id) VALUES (435, 'Don''t know', 'dontknow', 161);
INSERT INTO choices (chioce_id, name, value, elements_id) VALUES (436, 'Yes', 'yes', 162);
INSERT INTO choices (chioce_id, name, value, elements_id) VALUES (437, 'No', 'no', 162);
INSERT INTO choices (chioce_id, name, value, elements_id) VALUES (438, 'Don''t know', 'dontknow', 162);
INSERT INTO choices (chioce_id, name, value, elements_id) VALUES (439, 'Per day', 'perday', 163);
INSERT INTO choices (chioce_id, name, value, elements_id) VALUES (440, 'Per week', 'perweek', 163);
INSERT INTO choices (chioce_id, name, value, elements_id) VALUES (441, 'Per Month', 'permonth', 163);
INSERT INTO choices (chioce_id, name, value, elements_id) VALUES (442, 'Don''t know', 'dontknow', 163);
INSERT INTO choices (chioce_id, name, value, elements_id) VALUES (443, 'Yes', 'yes', 164);
INSERT INTO choices (chioce_id, name, value, elements_id) VALUES (444, 'No', 'no', 164);
INSERT INTO choices (chioce_id, name, value, elements_id) VALUES (445, 'Don''t know', 'dontknow', 164);
INSERT INTO choices (chioce_id, name, value, elements_id) VALUES (446, 'Per day', 'perday', 165);
INSERT INTO choices (chioce_id, name, value, elements_id) VALUES (447, 'Per week', 'perweek', 165);
INSERT INTO choices (chioce_id, name, value, elements_id) VALUES (448, 'Per Month', 'permonth', 165);
INSERT INTO choices (chioce_id, name, value, elements_id) VALUES (449, 'Don''t know', 'dontknow', 165);
INSERT INTO choices (chioce_id, name, value, elements_id) VALUES (450, 'Yes', 'yes', 166);
INSERT INTO choices (chioce_id, name, value, elements_id) VALUES (451, 'No', 'no', 166);
INSERT INTO choices (chioce_id, name, value, elements_id) VALUES (452, 'Don''t know', 'dontknow', 166);
INSERT INTO choices (chioce_id, name, value, elements_id) VALUES (453, 'Per day', 'perday', 167);
INSERT INTO choices (chioce_id, name, value, elements_id) VALUES (454, 'Per week', 'perweek', 167);
INSERT INTO choices (chioce_id, name, value, elements_id) VALUES (455, 'Per Month', 'permonth', 167);
INSERT INTO choices (chioce_id, name, value, elements_id) VALUES (456, 'Don''t know', 'dontknow', 167);

INSERT INTO columns (column_id, name, value, elements_id) VALUES (1, 'Better or no change(1)', '1', 93);
INSERT INTO columns (column_id, name, value, elements_id) VALUES (2, 'Questionable /occasionally worse(2)', '2', 93);
INSERT INTO columns (column_id, name, value, elements_id) VALUES (3, 'Consistently a little worse(3)', '3', 93);
INSERT INTO columns (column_id, name, value, elements_id) VALUES (4, 'Consistently much Worse(4)', '4', 93);
INSERT INTO columns (column_id, name, value, elements_id) VALUES (5, 'Don’t know/Not applicable(9)', '9', 93);
INSERT INTO columns (column_id, name, value, elements_id) VALUES (6, 'Better or no change(1)', '1', 94);
INSERT INTO columns (column_id, name, value, elements_id) VALUES (7, 'Questionable /occasionally worse(2)', '2', 94);
INSERT INTO columns (column_id, name, value, elements_id) VALUES (8, 'Consistently a little worse(3)', '3', 94);
INSERT INTO columns (column_id, name, value, elements_id) VALUES (9, 'Consistently much Worse(4)', '4', 94);
INSERT INTO columns (column_id, name, value, elements_id) VALUES (10, 'Don’t know/Not applicable(9)', '9', 94);
INSERT INTO columns (column_id, name, value, elements_id) VALUES (11, 'Better or no change(1)', '1', 95);
INSERT INTO columns (column_id, name, value, elements_id) VALUES (12, 'Questionable /occasionally worse(2)', '2', 95);
INSERT INTO columns (column_id, name, value, elements_id) VALUES (13, 'Consistently a little worse(3)', '3', 95);
INSERT INTO columns (column_id, name, value, elements_id) VALUES (14, 'Consistently much Worse(4)', '4', 95);
INSERT INTO columns (column_id, name, value, elements_id) VALUES (15, 'Don’t know/Not applicable(9)', '9', 95);
INSERT INTO columns (column_id, name, value, elements_id) VALUES (16, 'Better or no change(1)', '1', 96);
INSERT INTO columns (column_id, name, value, elements_id) VALUES (17, 'Questionable /occasionally worse(2)', '2', 96);
INSERT INTO columns (column_id, name, value, elements_id) VALUES (18, 'Consistently a little worse(3)', '3', 96);
INSERT INTO columns (column_id, name, value, elements_id) VALUES (19, 'Consistently much Worse(4)', '4', 96);
INSERT INTO columns (column_id, name, value, elements_id) VALUES (20, 'Don’t know/Not applicable(9)', '9', 96);
INSERT INTO columns (column_id, name, value, elements_id) VALUES (21, 'Better or no change(1)', '1', 97);
INSERT INTO columns (column_id, name, value, elements_id) VALUES (22, 'Questionable /occasionally worse(2)', '2', 97);
INSERT INTO columns (column_id, name, value, elements_id) VALUES (23, 'Consistently a little worse(3)', '3', 97);
INSERT INTO columns (column_id, name, value, elements_id) VALUES (24, 'Consistently much Worse(4)', '4', 97);
INSERT INTO columns (column_id, name, value, elements_id) VALUES (25, 'Don’t know/Not applicable(9)', '9', 97);
INSERT INTO columns (column_id, name, value, elements_id) VALUES (26, 'Better or no change(1)', '1', 98);
INSERT INTO columns (column_id, name, value, elements_id) VALUES (27, 'Questionable /occasionally worse(2)', '2', 98);
INSERT INTO columns (column_id, name, value, elements_id) VALUES (28, 'Consistently a little worse(3)', '3', 98);
INSERT INTO columns (column_id, name, value, elements_id) VALUES (29, 'Consistently much Worse(4)', '4', 98);
INSERT INTO columns (column_id, name, value, elements_id) VALUES (30, 'Don’t know/Not applicable(9)', '9', 98);

INSERT INTO rows (row_id, name, value, elements_id) VALUES (1, '1. Remembering a few shopping items without a list.', '1', 93);
INSERT INTO rows (row_id, name, value, elements_id) VALUES (2, '2. Remembering things that happened recently (such as recent outings, events in the news).', '2', 93);
INSERT INTO rows (row_id, name, value, elements_id) VALUES (3, '3. Recalling conversations a few days later.', '3', 93);
INSERT INTO rows (row_id, name, value, elements_id) VALUES (4, '4. Remembering where you have placed personal items or objects.', '4', 93);
INSERT INTO rows (row_id, name, value, elements_id) VALUES (5, '5. Unknowingly repeating stories and/or questions multiple times.', '5', 93);
INSERT INTO rows (row_id, name, value, elements_id) VALUES (6, '6. Remembering the current date or day of the week.', '6', 93);
INSERT INTO rows (row_id, name, value, elements_id) VALUES (7, '7. Remembering that you have already told someone something.', '7', 93);
INSERT INTO rows (row_id, name, value, elements_id) VALUES (8, '8. Remembering appointments, meetings, or engagements.', '8', 93);
INSERT INTO rows (row_id, name, value, elements_id) VALUES (9, '9. Remembering to do important tasks like pay bills or take medications. ', '9', 93);
INSERT INTO rows (row_id, name, value, elements_id) VALUES (10, '1. Coming up with the right names of commonly used everyday objects (e.g., telephone, toothbrush).', '1', 94);
INSERT INTO rows (row_id, name, value, elements_id) VALUES (11, '2. Verbally giving instructions to others.', '2', 94);
INSERT INTO rows (row_id, name, value, elements_id) VALUES (12, '3. Finding the exact right words to use in a conversation.', '3', 94);
INSERT INTO rows (row_id, name, value, elements_id) VALUES (13, '4. Communicating or expressing ideas in a conversation.', '4', 94);
INSERT INTO rows (row_id, name, value, elements_id) VALUES (14, '5. Following a story in a book or on TV.', '5', 94);
INSERT INTO rows (row_id, name, value, elements_id) VALUES (15, '6. Understanding the point of what other people are trying to say.', '6', 94);
INSERT INTO rows (row_id, name, value, elements_id) VALUES (16, '7. Remembering the meaning of common words.', '7', 94);
INSERT INTO rows (row_id, name, value, elements_id) VALUES (17, '8. Describing a program you have watched on TV.', '8', 94);
INSERT INTO rows (row_id, name, value, elements_id) VALUES (18, '9. Understanding spoken directions or instructions.', '9', 94);
INSERT INTO rows (row_id, name, value, elements_id) VALUES (19, '1. Increased reliance on using electronic navigational aids (like GPS on a smart phone) to find your way around town.', '1', 95);
INSERT INTO rows (row_id, name, value, elements_id) VALUES (20, '2. Finding your car in a parking lot.', '2', 95);
INSERT INTO rows (row_id, name, value, elements_id) VALUES (21, '3. Finding the way to a familiar location (e.g., a long-term friend’s home).', '3', 95);
INSERT INTO rows (row_id, name, value, elements_id) VALUES (22, '4. Finding your way around your own neighborhood.  ', '4', 95);
INSERT INTO rows (row_id, name, value, elements_id) VALUES (23, '5. Finding your way around a familiar store or other building.', '5', 95);
INSERT INTO rows (row_id, name, value, elements_id) VALUES (24, '6. Finding your way around a familiar home. ', '6', 95);
INSERT INTO rows (row_id, name, value, elements_id) VALUES (25, '7. Use of landmarks in the environment to find locations (e.g., turn left after the grocery store).', '7', 95);
INSERT INTO rows (row_id, name, value, elements_id) VALUES (26, '8. Difficulty perceiving distances when driving or driving too close to another vehicle or other object. ', '8', 95);
INSERT INTO rows (row_id, name, value, elements_id) VALUES (27, '1. Planning the sequence of stops on a shopping trip.', '1', 96);
INSERT INTO rows (row_id, name, value, elements_id) VALUES (28, '2. The ability to anticipate weather changes and plan accordingly (e.g., bring a coat or umbrella).', '2', 96);
INSERT INTO rows (row_id, name, value, elements_id) VALUES (29, '3. Planning and sticking to a schedule for the day when there are several things to be done.', '3', 96);
INSERT INTO rows (row_id, name, value, elements_id) VALUES (30, '4. Thinking things through before making a major decision (e.g., making a big purchase).', '4', 96);
INSERT INTO rows (row_id, name, value, elements_id) VALUES (31, '5.  Planning a trip, vacation, or outing.', '5', 96);
INSERT INTO rows (row_id, name, value, elements_id) VALUES (32, '1. Keeping living and work space (such as a home office, garage or pantry) organized.', '1', 97);
INSERT INTO rows (row_id, name, value, elements_id) VALUES (33, '2.  Managing bill payments.', '2', 97);
INSERT INTO rows (row_id, name, value, elements_id) VALUES (34, '3. Keeping financial records or other documents organized so they are easy to find when needed.', '3', 97);
INSERT INTO rows (row_id, name, value, elements_id) VALUES (35, '4. Prioritizing tasks by importance (doing the most important things first).', '4', 97);
INSERT INTO rows (row_id, name, value, elements_id) VALUES (36, '5. Keeping mail and papers organized.', '5', 97);
INSERT INTO rows (row_id, name, value, elements_id) VALUES (37, '6. Using an organized strategy to manage a medication schedule involving multiple medications.', '6', 97);
INSERT INTO rows (row_id, name, value, elements_id) VALUES (38, '1. The ability to do two things at once.', '1', 98);
INSERT INTO rows (row_id, name, value, elements_id) VALUES (39, '2. Returning to a task after being interrupted.', '2', 98);
INSERT INTO rows (row_id, name, value, elements_id) VALUES (40, '3. The ability to concentrate on and complete a task without being distracted by other things.', '3', 98);
INSERT INTO rows (row_id, name, value, elements_id) VALUES (41, '4. Working on a particular task while talking to someone at the same time.', '4', 98);

commit ;
