INSERT INTO questionnaires (questionnaires_id, show_progress_bar, show_page_titles, show_question_numbers, completed_html, title, show_preview_before_complete, check_errors_mode, study_id) VALUES (13, 'top', 0, 'off', '<h2>Thank you for submitting the Questionnaire<h2>', 'Vascular Risk', 'showAllQuestions', 'onComplete', 1001);
INSERT INTO questionnaires (questionnaires_id, show_progress_bar, show_page_titles, show_question_numbers, completed_html, title, show_preview_before_complete, check_errors_mode, study_id) VALUES (14, 'top', 0, 'off', '<h2>Thank you for submitting the Questionnaire<h2>', 'Sleep', 'showAllQuestions', 'onComplete', 1002);
INSERT INTO questionnaires (questionnaires_id, show_progress_bar, show_page_titles, show_question_numbers, completed_html, title, show_preview_before_complete, check_errors_mode, study_id) VALUES (15, 'top', 0, 'off', '<h2>Thank you for submitting the Questionnaire<h2>', 'Everyday Cognition (E-Cog)', 'showAllQuestions', 'onComplete', 1003);
INSERT INTO questionnaires (questionnaires_id, show_progress_bar, show_page_titles, show_question_numbers, completed_html, title, show_preview_before_complete, check_errors_mode, study_id) VALUES (16, 'top', 0, 'off', '<h2>Thank you for submitting the Questionnaire<h2>', 'Diet screener questionnaire', 'showAllQuestions', 'onComplete', 1004);
INSERT INTO questionnaires (questionnaires_id, show_progress_bar, show_page_titles, show_question_numbers, completed_html, title, show_preview_before_complete, check_errors_mode, study_id) VALUES (17, null, 0, 'off', '<h2>Thank you for submitting the Questionnaire<h2>', 'Physical Activity Screening', 'showAllQuestions', 'onComplete', 1005);

INSERT INTO pages (page_id, name, title, questionnaires_id) VALUES (24, 'attentionpage', 'Compared to 10 years ago, has there been any change in… ', 15);
INSERT INTO pages (page_id, name, title, questionnaires_id) VALUES (17, 'category2', 'CATEGORY 2', 14);
INSERT INTO pages (page_id, name, title, questionnaires_id) VALUES (18, 'category3', 'CATEGORY 3', 14);
INSERT INTO pages (page_id, name, title, questionnaires_id) VALUES (16, 'cetegory1', 'CATEGORY 1', 14);
INSERT INTO pages (page_id, name, title, questionnaires_id) VALUES (11, 'DiabetesMellitus', 'Diabetes mellitus check', 13);
INSERT INTO pages (page_id, name, title, questionnaires_id) VALUES (13, 'hearthealthpage', 'Heart health check', 13);
INSERT INTO pages (page_id, name, title, questionnaires_id) VALUES (9, 'HighBloodPressurePage', 'High blood pressure check', 13);
INSERT INTO pages (page_id, name, title, questionnaires_id) VALUES (10, 'HighcholesterolPage', 'High cholesterol check', 13);
INSERT INTO pages (page_id, name, title, questionnaires_id) VALUES (8, 'IntroductionPage', 'Introduction', 13);
INSERT INTO pages (page_id, name, title, questionnaires_id) VALUES (35, 'intropage', null, 17);
INSERT INTO pages (page_id, name, title, questionnaires_id) VALUES (12, 'KidneyHealthPage', 'Kidney health check', 13);
INSERT INTO pages (page_id, name, title, questionnaires_id) VALUES (20, 'Languagepage', 'Compared to 10 years ago, has there been any change in… ', 15);
INSERT INTO pages (page_id, name, title, questionnaires_id) VALUES (19, 'memorypage', 'Compared to 10 years ago, has there been any change in… ', 15);
INSERT INTO pages (page_id, name, title, questionnaires_id) VALUES (23, 'organizationpage', 'Compared to 10 years ago, has there been any change in… ', 15);
INSERT INTO pages (page_id, name, title, questionnaires_id) VALUES (27, 'pag3', null, 16);
INSERT INTO pages (page_id, name, title, questionnaires_id) VALUES (25, 'page1', null, 16);
INSERT INTO pages (page_id, name, title, questionnaires_id) VALUES (34, 'page10', null, 16);
INSERT INTO pages (page_id, name, title, questionnaires_id) VALUES (26, 'page2', null, 16);
INSERT INTO pages (page_id, name, title, questionnaires_id) VALUES (28, 'page4', null, 16);
INSERT INTO pages (page_id, name, title, questionnaires_id) VALUES (29, 'page5', null, 16);
INSERT INTO pages (page_id, name, title, questionnaires_id) VALUES (30, 'page6', null, 16);
INSERT INTO pages (page_id, name, title, questionnaires_id) VALUES (31, 'page7', null, 16);
INSERT INTO pages (page_id, name, title, questionnaires_id) VALUES (32, 'page8', null, 16);
INSERT INTO pages (page_id, name, title, questionnaires_id) VALUES (33, 'page9', null, 16);
INSERT INTO pages (page_id, name, title, questionnaires_id) VALUES (15, 'personalinfopage', 'Personal Info', 14);
INSERT INTO pages (page_id, name, title, questionnaires_id) VALUES (22, 'planningpage', 'Compared to 10 years ago, has there been any change in… ', 15);
INSERT INTO pages (page_id, name, title, questionnaires_id) VALUES (36, 'rapa1', 'RAPA 1', 17);
INSERT INTO pages (page_id, name, title, questionnaires_id) VALUES (37, 'rapa2', 'RAPA 2', 17);
INSERT INTO pages (page_id, name, title, questionnaires_id) VALUES (14, 'vascularhealthpage', 'Vascular health check', 13);
INSERT INTO pages (page_id, name, title, questionnaires_id) VALUES (21, 'visualpage', 'Compared to 10 years ago, has there been any change in… ', 15);

INSERT INTO elements (elements_id, start_with_new_line, has_other, name, visible_if, type, title, title_location, col_count, description, input_type, other_text, popupdescription, page_id, questionnaires_id, choices_by_url, is_required, enable_if, render_as, is_all_row_required, default_value, min, max, required_if, indent) VALUES (118, 1, 0, '1', null, 'text', 'height(m)', 'left', 0, null, 'number', null, null, 15, 14, null, 0, null, null, 0, null, 1, 0, null, 0);
INSERT INTO elements (elements_id, start_with_new_line, has_other, name, visible_if, type, title, title_location, col_count, description, input_type, other_text, popupdescription, page_id, questionnaires_id, choices_by_url, is_required, enable_if, render_as, is_all_row_required, default_value, min, max, required_if, indent) VALUES (132, 1, 0, '1', null, 'matrix', 'Compared to 10 years ago, has there been any change in Memory? *', null, 0, null, null, null, null, 19, 15, null, 0, null, null, 0, null, 0, 0, null, 0);
INSERT INTO elements (elements_id, start_with_new_line, has_other, name, visible_if, type, title, title_location, col_count, description, input_type, other_text, popupdescription, page_id, questionnaires_id, choices_by_url, is_required, enable_if, render_as, is_all_row_required, default_value, min, max, required_if, indent) VALUES (138, 1, 0, '1', null, 'text', '1. How old are you?', 'left', 0, null, 'number', null, null, 25, 16, null, 0, null, null, 0, null, 1, 0, null, 0);
INSERT INTO elements (elements_id, start_with_new_line, has_other, name, visible_if, type, title, title_location, col_count, description, input_type, other_text, popupdescription, page_id, questionnaires_id, choices_by_url, is_required, enable_if, render_as, is_all_row_required, default_value, min, max, required_if, indent) VALUES (198, 1, 0, '1', null, 'image', null, null, 0, null, null, null, null, 35, 17, null, 0, null, null, 0, null, 0, 0, null, 0);
INSERT INTO elements (elements_id, start_with_new_line, has_other, name, visible_if, type, title, title_location, col_count, description, input_type, other_text, popupdescription, page_id, questionnaires_id, choices_by_url, is_required, enable_if, render_as, is_all_row_required, default_value, min, max, required_if, indent) VALUES (79, 1, 0, '1.1', null, 'radiogroup', 'Completed By', 'top', 2, null, null, null, null, 8, 13, null, 0, null, null, 0, null, 0, 0, null, 0);
INSERT INTO elements (elements_id, start_with_new_line, has_other, name, visible_if, type, title, title_location, col_count, description, input_type, other_text, popupdescription, page_id, questionnaires_id, choices_by_url, is_required, enable_if, render_as, is_all_row_required, default_value, min, max, required_if, indent) VALUES (80, 1, 0, '1.2', '{1.1} = ''relative''', 'text', 'Relationship to Patient:', 'left', 0, null, null, null, null, 8, 13, null, 0, null, null, 0, null, 0, 0, null, 0);
INSERT INTO elements (elements_id, start_with_new_line, has_other, name, visible_if, type, title, title_location, col_count, description, input_type, other_text, popupdescription, page_id, questionnaires_id, choices_by_url, is_required, enable_if, render_as, is_all_row_required, default_value, min, max, required_if, indent) VALUES (81, 1, 0, '1.3', null, 'html', null, null, 0, null, null, null, null, 8, 13, null, 0, null, null, 0, null, 0, 0, null, 0);
INSERT INTO elements (elements_id, start_with_new_line, has_other, name, visible_if, type, title, title_location, col_count, description, input_type, other_text, popupdescription, page_id, questionnaires_id, choices_by_url, is_required, enable_if, render_as, is_all_row_required, default_value, min, max, required_if, indent) VALUES (127, 1, 0, '10', null, 'radiogroup', '2. How often do you feel tired or fatigued after your sleep?', null, 2, null, null, null, null, 17, 14, null, 0, null, null, 0, null, 0, 0, null, 0);
INSERT INTO elements (elements_id, start_with_new_line, has_other, name, visible_if, type, title, title_location, col_count, description, input_type, other_text, popupdescription, page_id, questionnaires_id, choices_by_url, is_required, enable_if, render_as, is_all_row_required, default_value, min, max, required_if, indent) VALUES (156, 1, 0, '10', null, 'radiogroup', '10. During the past month, did you drink any coffee or tea that had sugar or honey added to it? Include coffee and tea you sweetened yourself and presweetened tea and coffee drinks such as Arizona Iced Tea and Frappuccino. Do not include artificially sweetened coffee or diet tea', null, 3, null, null, null, null, 28, 16, null, 0, null, null, 0, null, 0, 0, null, 0);
INSERT INTO elements (elements_id, start_with_new_line, has_other, name, visible_if, type, title, title_location, col_count, description, input_type, other_text, popupdescription, page_id, questionnaires_id, choices_by_url, is_required, enable_if, render_as, is_all_row_required, default_value, min, max, required_if, indent) VALUES (207, 1, 0, '10', null, 'html', null, null, 0, null, null, null, null, 37, 17, null, 0, null, null, 0, null, 0, 0, null, 0);
INSERT INTO elements (elements_id, start_with_new_line, has_other, name, visible_if, type, title, title_location, col_count, description, input_type, other_text, popupdescription, page_id, questionnaires_id, choices_by_url, is_required, enable_if, render_as, is_all_row_required, default_value, min, max, required_if, indent) VALUES (157, 1, 0, '10.1', '{10} = ''yes''', 'radiogroup', 'During the past month, how often did you drink coffee or tea containing sugar or honey? You can report per day, per week, or per month.', null, 4, null, null, null, null, 28, 16, null, 0, null, null, 0, null, 0, 0, null, 0);
INSERT INTO elements (elements_id, start_with_new_line, has_other, name, visible_if, type, title, title_location, col_count, description, input_type, other_text, popupdescription, page_id, questionnaires_id, choices_by_url, is_required, enable_if, render_as, is_all_row_required, default_value, min, max, required_if, indent) VALUES (128, 1, 0, '11', null, 'radiogroup', '3. During your waking time, do you feel tired, fatigued, or not up to par?', null, 2, null, null, null, null, 17, 14, null, 0, null, null, 0, null, 0, 0, null, 0);
INSERT INTO elements (elements_id, start_with_new_line, has_other, name, visible_if, type, title, title_location, col_count, description, input_type, other_text, popupdescription, page_id, questionnaires_id, choices_by_url, is_required, enable_if, render_as, is_all_row_required, default_value, min, max, required_if, indent) VALUES (158, 1, 0, '11', null, 'radiogroup', '11. During the past month, did you drink any sweetened fruit drinks, sports or energy drinks, such as Kool-aid, lemonade, Hi-C, cranberry drink, Gatorade, Red Bull, or Vitamin Water? Include fruit juices you made at home and added sugar to. Do not include diet drinks or artificially sweetened drinks.', null, 3, null, null, null, null, 28, 16, null, 0, null, null, 0, null, 0, 0, null, 0);
INSERT INTO elements (elements_id, start_with_new_line, has_other, name, visible_if, type, title, title_location, col_count, description, input_type, other_text, popupdescription, page_id, questionnaires_id, choices_by_url, is_required, enable_if, render_as, is_all_row_required, default_value, min, max, required_if, indent) VALUES (208, 1, 0, '11', null, 'radiogroup', '8. I do activities to increase muscle strength, such as lifting weights or calisthenics, once a week or more.', null, 3, null, null, null, null, 37, 17, null, 0, null, null, 0, null, 0, 0, null, 2);
INSERT INTO elements (elements_id, start_with_new_line, has_other, name, visible_if, type, title, title_location, col_count, description, input_type, other_text, popupdescription, page_id, questionnaires_id, choices_by_url, is_required, enable_if, render_as, is_all_row_required, default_value, min, max, required_if, indent) VALUES (159, 1, 0, '11.1', '{11} = ''yes''', 'radiogroup', 'During the past month, how often did you drink sweetened fruit, sports or energy drinks? You can report per day, per week, or per month.', null, 4, null, null, null, null, 28, 16, null, 0, null, null, 0, null, 0, 0, null, 0);
INSERT INTO elements (elements_id, start_with_new_line, has_other, name, visible_if, type, title, title_location, col_count, description, input_type, other_text, popupdescription, page_id, questionnaires_id, choices_by_url, is_required, enable_if, render_as, is_all_row_required, default_value, min, max, required_if, indent) VALUES (129, 1, 0, '12', null, 'radiogroup', '4. Have you ever nodded off or fallen asleep while driving a vehicle?', null, 3, null, null, null, null, 17, 14, null, 0, null, null, 0, null, 0, 0, null, 0);
INSERT INTO elements (elements_id, start_with_new_line, has_other, name, visible_if, type, title, title_location, col_count, description, input_type, other_text, popupdescription, page_id, questionnaires_id, choices_by_url, is_required, enable_if, render_as, is_all_row_required, default_value, min, max, required_if, indent) VALUES (160, 1, 0, '12', null, 'radiogroup', '12. During the past month, did you eat any fruit? Include fresh, frozen, or canned fruit. Do not include juices.', null, 3, null, null, null, null, 28, 16, null, 0, null, null, 0, null, 0, 0, null, 0);
INSERT INTO elements (elements_id, start_with_new_line, has_other, name, visible_if, type, title, title_location, col_count, description, input_type, other_text, popupdescription, page_id, questionnaires_id, choices_by_url, is_required, enable_if, render_as, is_all_row_required, default_value, min, max, required_if, indent) VALUES (209, 1, 0, '12', null, 'radiogroup', '9. I do activities to improve flexibility, such as stretching or yoga, once a week or more.', null, 3, null, null, null, null, 37, 17, null, 0, null, null, 0, null, 0, 0, null, 2);
INSERT INTO elements (elements_id, start_with_new_line, has_other, name, visible_if, type, title, title_location, col_count, description, input_type, other_text, popupdescription, page_id, questionnaires_id, choices_by_url, is_required, enable_if, render_as, is_all_row_required, default_value, min, max, required_if, indent) VALUES (161, 1, 0, '12.1', '{12} = ''yes''', 'radiogroup', 'During the past month, how often did you eat fruit? You can report per day, per week, or per month', null, 4, null, null, null, null, 28, 16, null, 0, null, null, 0, null, 0, 0, null, 0);
INSERT INTO elements (elements_id, start_with_new_line, has_other, name, visible_if, type, title, title_location, col_count, description, input_type, other_text, popupdescription, page_id, questionnaires_id, choices_by_url, is_required, enable_if, render_as, is_all_row_required, default_value, min, max, required_if, indent) VALUES (130, 1, 0, '13', '{12} = ''yes''', 'radiogroup', ' How often does this occur?', null, 2, null, null, null, null, 17, 14, null, 0, null, null, 0, null, 0, 0, null, 0);
INSERT INTO elements (elements_id, start_with_new_line, has_other, name, visible_if, type, title, title_location, col_count, description, input_type, other_text, popupdescription, page_id, questionnaires_id, choices_by_url, is_required, enable_if, render_as, is_all_row_required, default_value, min, max, required_if, indent) VALUES (162, 1, 0, '13', null, 'radiogroup', '13. During the past month, did you eat a green leafy or lettuce salad, with or without other vegetables?', null, 3, null, null, null, null, 29, 16, null, 0, null, null, 0, null, 0, 0, null, 0);
INSERT INTO elements (elements_id, start_with_new_line, has_other, name, visible_if, type, title, title_location, col_count, description, input_type, other_text, popupdescription, page_id, questionnaires_id, choices_by_url, is_required, enable_if, render_as, is_all_row_required, default_value, min, max, required_if, indent) VALUES (163, 1, 0, '13.1', '{13} = ''yes''', 'radiogroup', 'During the past month, how often did you eat salad? You can report per day, per week, or per month', null, 4, null, null, null, null, 29, 16, null, 0, null, null, 0, null, 0, 0, null, 0);
INSERT INTO elements (elements_id, start_with_new_line, has_other, name, visible_if, type, title, title_location, col_count, description, input_type, other_text, popupdescription, page_id, questionnaires_id, choices_by_url, is_required, enable_if, render_as, is_all_row_required, default_value, min, max, required_if, indent) VALUES (131, 1, 0, '14', null, 'radiogroup', '5. Do you have high blood pressure?', null, 3, null, null, null, null, 18, 14, null, 0, null, null, 0, null, 0, 0, null, 0);
INSERT INTO elements (elements_id, start_with_new_line, has_other, name, visible_if, type, title, title_location, col_count, description, input_type, other_text, popupdescription, page_id, questionnaires_id, choices_by_url, is_required, enable_if, render_as, is_all_row_required, default_value, min, max, required_if, indent) VALUES (164, 1, 0, '14', null, 'radiogroup', '14. During the past month, did you eat any kind of fried potatoes including french fries, home fries, or hash brown potatoes?', null, 3, null, null, null, null, 29, 16, null, 0, null, null, 0, null, 0, 0, null, 0);
INSERT INTO elements (elements_id, start_with_new_line, has_other, name, visible_if, type, title, title_location, col_count, description, input_type, other_text, popupdescription, page_id, questionnaires_id, choices_by_url, is_required, enable_if, render_as, is_all_row_required, default_value, min, max, required_if, indent) VALUES (165, 1, 0, '14.1', '{14} = ''yes''', 'radiogroup', 'During the past month, how often did you eat any kind of fried potatoes? You can report per day, per week, or per month', null, 4, null, null, null, null, 29, 16, null, 0, null, null, 0, null, 0, 0, null, 0);
INSERT INTO elements (elements_id, start_with_new_line, has_other, name, visible_if, type, title, title_location, col_count, description, input_type, other_text, popupdescription, page_id, questionnaires_id, choices_by_url, is_required, enable_if, render_as, is_all_row_required, default_value, min, max, required_if, indent) VALUES (166, 1, 0, '15', null, 'radiogroup', '15. During the past month, did you eat any other kind of potatoes, such as baked, boiled, mashed potatoes, sweet potatoes, or potato salad?', null, 3, null, null, null, null, 29, 16, null, 0, null, null, 0, null, 0, 0, null, 0);
INSERT INTO elements (elements_id, start_with_new_line, has_other, name, visible_if, type, title, title_location, col_count, description, input_type, other_text, popupdescription, page_id, questionnaires_id, choices_by_url, is_required, enable_if, render_as, is_all_row_required, default_value, min, max, required_if, indent) VALUES (167, 1, 0, '15.1', '{15} = ''yes''', 'radiogroup', 'During the past month, how often did you eat any other kind of potatoes? You can report per day, per week, or per month', null, 4, null, null, null, null, 29, 16, null, 0, null, null, 0, null, 0, 0, null, 0);
INSERT INTO elements (elements_id, start_with_new_line, has_other, name, visible_if, type, title, title_location, col_count, description, input_type, other_text, popupdescription, page_id, questionnaires_id, choices_by_url, is_required, enable_if, render_as, is_all_row_required, default_value, min, max, required_if, indent) VALUES (168, 1, 0, '16', null, 'radiogroup', '16. During the past month, did you eat any refried beans, baked beans, beans in soup, pork and beans or other cooked dried beans? Do not include green beans.', null, 3, null, null, null, null, 30, 16, null, 0, null, null, 0, null, 0, 0, null, 0);
INSERT INTO elements (elements_id, start_with_new_line, has_other, name, visible_if, type, title, title_location, col_count, description, input_type, other_text, popupdescription, page_id, questionnaires_id, choices_by_url, is_required, enable_if, render_as, is_all_row_required, default_value, min, max, required_if, indent) VALUES (169, 1, 0, '16.1', '{16} = ''yes''', 'radiogroup', 'During the past month, how often did you eat refried beans, baked beans, beans in soup, pork and beans or other cooked dried beans? You can report per day, per week, or per month.', null, 4, null, null, null, null, 30, 16, null, 0, null, null, 0, null, 0, 0, null, 0);
INSERT INTO elements (elements_id, start_with_new_line, has_other, name, visible_if, type, title, title_location, col_count, description, input_type, other_text, popupdescription, page_id, questionnaires_id, choices_by_url, is_required, enable_if, render_as, is_all_row_required, default_value, min, max, required_if, indent) VALUES (170, 1, 0, '17', null, 'radiogroup', '17. During the past month, did you eat any brown rice or other cooked whole grains, such as bulgur, cracked wheat, or millet? Do not include white rice.', null, 3, null, null, null, null, 30, 16, null, 0, null, null, 0, null, 0, 0, null, 0);
INSERT INTO elements (elements_id, start_with_new_line, has_other, name, visible_if, type, title, title_location, col_count, description, input_type, other_text, popupdescription, page_id, questionnaires_id, choices_by_url, is_required, enable_if, render_as, is_all_row_required, default_value, min, max, required_if, indent) VALUES (171, 1, 0, '17.1', '{17} = ''yes''', 'radiogroup', 'During the past month, how often did you eat brown rice or other cooked whole grains? You can report per day, per week, or per month', null, 4, null, null, null, null, 30, 16, null, 0, null, null, 0, null, 0, 0, null, 0);
INSERT INTO elements (elements_id, start_with_new_line, has_other, name, visible_if, type, title, title_location, col_count, description, input_type, other_text, popupdescription, page_id, questionnaires_id, choices_by_url, is_required, enable_if, render_as, is_all_row_required, default_value, min, max, required_if, indent) VALUES (172, 1, 0, '18', null, 'radiogroup', '18. During the past month, not including green salads, potatoes, and cooked dried beans, did you eat any other vegetables?', null, 3, null, null, null, null, 30, 16, null, 0, null, null, 0, null, 0, 0, null, 0);
INSERT INTO elements (elements_id, start_with_new_line, has_other, name, visible_if, type, title, title_location, col_count, description, input_type, other_text, popupdescription, page_id, questionnaires_id, choices_by_url, is_required, enable_if, render_as, is_all_row_required, default_value, min, max, required_if, indent) VALUES (173, 1, 0, '18.1', '{18} = ''yes''', 'radiogroup', 'During the past month, how often did you eat other vegetables? You can report per day, per week, or per month', null, 4, null, null, null, null, 30, 16, null, 0, null, null, 0, null, 0, 0, null, 0);
INSERT INTO elements (elements_id, start_with_new_line, has_other, name, visible_if, type, title, title_location, col_count, description, input_type, other_text, popupdescription, page_id, questionnaires_id, choices_by_url, is_required, enable_if, render_as, is_all_row_required, default_value, min, max, required_if, indent) VALUES (174, 1, 0, '19', null, 'radiogroup', '19. During the past month, did you eat any Mexican-type salsa made with tomato?', null, 3, null, null, null, null, 31, 16, null, 0, null, null, 0, null, 0, 0, null, 0);
INSERT INTO elements (elements_id, start_with_new_line, has_other, name, visible_if, type, title, title_location, col_count, description, input_type, other_text, popupdescription, page_id, questionnaires_id, choices_by_url, is_required, enable_if, render_as, is_all_row_required, default_value, min, max, required_if, indent) VALUES (175, 1, 0, '19.1', '{19} = ''yes''', 'radiogroup', 'During the past month, how often did you have Mexican-type salsa made with tomato? You can report per day, per week, or per month.', null, 4, null, null, null, null, 31, 16, null, 0, null, null, 0, null, 0, 0, null, 0);
INSERT INTO elements (elements_id, start_with_new_line, has_other, name, visible_if, type, title, title_location, col_count, description, input_type, other_text, popupdescription, page_id, questionnaires_id, choices_by_url, is_required, enable_if, render_as, is_all_row_required, default_value, min, max, required_if, indent) VALUES (119, 1, 0, '2', null, 'text', 'Weight(kg)', 'left', 0, null, 'number', null, null, 15, 14, null, 0, null, null, 0, null, 1, 0, null, 0);
INSERT INTO elements (elements_id, start_with_new_line, has_other, name, visible_if, type, title, title_location, col_count, description, input_type, other_text, popupdescription, page_id, questionnaires_id, choices_by_url, is_required, enable_if, render_as, is_all_row_required, default_value, min, max, required_if, indent) VALUES (133, 1, 0, '2', null, 'matrix', 'Compared to 10 years ago, has there been any change in Language? *', null, 0, null, null, null, null, 20, 15, null, 0, null, null, 0, null, 0, 0, null, 0);
INSERT INTO elements (elements_id, start_with_new_line, has_other, name, visible_if, type, title, title_location, col_count, description, input_type, other_text, popupdescription, page_id, questionnaires_id, choices_by_url, is_required, enable_if, render_as, is_all_row_required, default_value, min, max, required_if, indent) VALUES (139, 1, 0, '2', null, 'radiogroup', '2. Are you male or female?', null, 2, null, null, null, null, 25, 16, null, 0, null, null, 0, null, 0, 0, null, 0);
INSERT INTO elements (elements_id, start_with_new_line, has_other, name, visible_if, type, title, title_location, col_count, description, input_type, other_text, popupdescription, page_id, questionnaires_id, choices_by_url, is_required, enable_if, render_as, is_all_row_required, default_value, min, max, required_if, indent) VALUES (199, 1, 0, '2', null, 'html', null, null, 0, null, null, null, null, 36, 17, null, 0, null, null, 0, null, 0, 0, null, 0);
INSERT INTO elements (elements_id, start_with_new_line, has_other, name, visible_if, type, title, title_location, col_count, description, input_type, other_text, popupdescription, page_id, questionnaires_id, choices_by_url, is_required, enable_if, render_as, is_all_row_required, default_value, min, max, required_if, indent) VALUES (82, 1, 0, '2.1', null, 'radiogroup', '1. Have you ever been diagnosed with a medical condition related to high or elevated blood pressure?', 'top', 0, null, null, 'Unknown', '<b>below are some of the term(s) that may have been used by your doctor to describe elevated blood pressure:</b><br>Hypertension
<br/>Malignant Hypertension
<br/>Elevated Blood Pressure
<br/>Diastolic Hypertension
<br/>Renal Hypertension
<br/>Borderline Hypertension
<br/>Systolic Hypertension
<br/>Reno-vascular Hypertension
<br/>Pre-hypertension', 9, 13, null, 0, null, null, 0, null, 0, 0, null, 0);
INSERT INTO elements (elements_id, start_with_new_line, has_other, name, visible_if, type, title, title_location, col_count, description, input_type, other_text, popupdescription, page_id, questionnaires_id, choices_by_url, is_required, enable_if, render_as, is_all_row_required, default_value, min, max, required_if, indent) VALUES (83, 1, 0, '2.2', '{2.1} = ''yes''', 'radiogroup', 'How long have you had this condition?', null, 5, null, null, null, null, 9, 13, null, 0, null, null, 0, null, 0, 0, null, 0);
INSERT INTO elements (elements_id, start_with_new_line, has_other, name, visible_if, type, title, title_location, col_count, description, input_type, other_text, popupdescription, page_id, questionnaires_id, choices_by_url, is_required, enable_if, render_as, is_all_row_required, default_value, min, max, required_if, indent) VALUES (84, 1, 0, '2.3', '{2.1} = ''yes''', 'radiogroup', 'Were you ever treated for this condition', 'left', 0, null, null, null, null, 9, 13, null, 0, null, null, 0, null, 0, 0, null, 0);
INSERT INTO elements (elements_id, start_with_new_line, has_other, name, visible_if, type, title, title_location, col_count, description, input_type, other_text, popupdescription, page_id, questionnaires_id, choices_by_url, is_required, enable_if, render_as, is_all_row_required, default_value, min, max, required_if, indent) VALUES (85, 1, 0, '2.4', '{2.1} = ''yes'' and {2.3} = ''yes''', 'radiogroup', 'Are you currently treating this condition?', 'left', 0, null, null, null, null, 9, 13, null, 0, null, null, 0, null, 0, 0, null, 0);
INSERT INTO elements (elements_id, start_with_new_line, has_other, name, visible_if, type, title, title_location, col_count, description, input_type, other_text, popupdescription, page_id, questionnaires_id, choices_by_url, is_required, enable_if, render_as, is_all_row_required, default_value, min, max, required_if, indent) VALUES (86, 1, 0, '2.5', '{2.1} = ''yes'' and {2.3} = ''yes'' and {2.4} = ''yes''', 'tagbox', 'Elevated Blood Pressure Medication/supplements', 'left', 0, 'Please select the medications you believe to be taking for this condition', null, null, null, 9, 13, 'http://localhost:8080/api/adapt/questionnaire/medicine', 0, null, 'select2', 0, 'No prescribed medications', 0, 0, null, 0);
INSERT INTO elements (elements_id, start_with_new_line, has_other, name, visible_if, type, title, title_location, col_count, description, input_type, other_text, popupdescription, page_id, questionnaires_id, choices_by_url, is_required, enable_if, render_as, is_all_row_required, default_value, min, max, required_if, indent) VALUES (87, 1, 1, '2.6', '{2.1} = ''yes'' and {2.3} = ''yes'' and {2.4} = ''yes''', 'checkbox', null, 'hidden', 3, null, null, null, null, 9, 13, null, 0, null, null, 0, null, 0, 0, '{2.5} contains ''No prescribed medications''', 0);
INSERT INTO elements (elements_id, start_with_new_line, has_other, name, visible_if, type, title, title_location, col_count, description, input_type, other_text, popupdescription, page_id, questionnaires_id, choices_by_url, is_required, enable_if, render_as, is_all_row_required, default_value, min, max, required_if, indent) VALUES (176, 1, 0, '20', null, 'radiogroup', '20. During the past month, did you eat any pizza? Include frozen pizza, fast food pizza, and homemade pizza.', null, 3, null, null, null, null, 31, 16, null, 0, null, null, 0, null, 0, 0, null, 0);
INSERT INTO elements (elements_id, start_with_new_line, has_other, name, visible_if, type, title, title_location, col_count, description, input_type, other_text, popupdescription, page_id, questionnaires_id, choices_by_url, is_required, enable_if, render_as, is_all_row_required, default_value, min, max, required_if, indent) VALUES (177, 1, 0, '20.1', '{20} = ''yes''', 'radiogroup', 'During the past month, how often did you eat pizza? You can report per day, per week, or per month', null, 4, null, null, null, null, 31, 16, null, 0, null, null, 0, null, 0, 0, null, 0);
INSERT INTO elements (elements_id, start_with_new_line, has_other, name, visible_if, type, title, title_location, col_count, description, input_type, other_text, popupdescription, page_id, questionnaires_id, choices_by_url, is_required, enable_if, render_as, is_all_row_required, default_value, min, max, required_if, indent) VALUES (178, 1, 0, '21', null, 'radiogroup', '21. During the past month, did you have any tomato sauces such as with spaghetti or noodles or mixed into foods such as lasagna? (Do not count tomato sauce on pizza.)', null, 3, null, null, null, null, 31, 16, null, 0, null, null, 0, null, 0, 0, null, 0);
INSERT INTO elements (elements_id, start_with_new_line, has_other, name, visible_if, type, title, title_location, col_count, description, input_type, other_text, popupdescription, page_id, questionnaires_id, choices_by_url, is_required, enable_if, render_as, is_all_row_required, default_value, min, max, required_if, indent) VALUES (179, 1, 0, '21.1', '{21} = ''yes''', 'radiogroup', 'During the past month, how often did you have tomato sauces? You can report per day, per week, or per month.', null, 4, null, null, null, null, 31, 16, null, 0, null, null, 0, null, 0, 0, null, 0);
INSERT INTO elements (elements_id, start_with_new_line, has_other, name, visible_if, type, title, title_location, col_count, description, input_type, other_text, popupdescription, page_id, questionnaires_id, choices_by_url, is_required, enable_if, render_as, is_all_row_required, default_value, min, max, required_if, indent) VALUES (180, 1, 0, '22', null, 'radiogroup', '22. During the past month, did you eat any kind of cheese? Include cheese as a snack, cheese on burgers, sandwiches, and cheese in foods such as lasagna, quesadillas, or casseroles. Do not include cheese on pizza', null, 3, null, null, null, null, 32, 16, null, 0, null, null, 0, null, 0, 0, null, 0);
INSERT INTO elements (elements_id, start_with_new_line, has_other, name, visible_if, type, title, title_location, col_count, description, input_type, other_text, popupdescription, page_id, questionnaires_id, choices_by_url, is_required, enable_if, render_as, is_all_row_required, default_value, min, max, required_if, indent) VALUES (181, 1, 0, '22.1', '{22} = ''yes''', 'radiogroup', 'During the past month, how often did you eat any kind of cheese? You can report per day, per week, or per month', null, 4, null, null, null, null, 32, 16, null, 0, null, null, 0, null, 0, 0, null, 0);
INSERT INTO elements (elements_id, start_with_new_line, has_other, name, visible_if, type, title, title_location, col_count, description, input_type, other_text, popupdescription, page_id, questionnaires_id, choices_by_url, is_required, enable_if, render_as, is_all_row_required, default_value, min, max, required_if, indent) VALUES (182, 1, 0, '23', null, 'radiogroup', '23. During the past month, did you eat any red meat, such as beef, pork, ham, or sausage? Do not include chicken, turkey or seafood. Include red meat you had in sandwiches, lasagna, stew, and other mixtures. Red meats may also include veal, lamb, and any lunch meats made with these meats.', null, 3, null, null, null, null, 32, 16, null, 0, null, null, 0, null, 0, 0, null, 0);
INSERT INTO elements (elements_id, start_with_new_line, has_other, name, visible_if, type, title, title_location, col_count, description, input_type, other_text, popupdescription, page_id, questionnaires_id, choices_by_url, is_required, enable_if, render_as, is_all_row_required, default_value, min, max, required_if, indent) VALUES (183, 1, 0, '23.1', '{23} = ''yes''', 'radiogroup', 'During the past month, how often did you eat red meat? You can report per day, per week, or per month.', null, 4, null, null, null, null, 32, 16, null, 0, null, null, 0, null, 0, 0, null, 0);
INSERT INTO elements (elements_id, start_with_new_line, has_other, name, visible_if, type, title, title_location, col_count, description, input_type, other_text, popupdescription, page_id, questionnaires_id, choices_by_url, is_required, enable_if, render_as, is_all_row_required, default_value, min, max, required_if, indent) VALUES (184, 1, 0, '24', null, 'radiogroup', '24. During the past month, did you eat any processed meat, such as bacon, lunch meats, or hot dogs? Include processed meats you had in sandwiches, soups, pizza, casseroles, and other mixtures. Processed meats are those preserved by smoking, curing, or salting, or by the addition of preservatives. Examples are: ham, bacon, pastrami, salami, sausages, bratwursts, frankfurters, hot dogs, and spam', null, 3, null, null, null, null, 32, 16, null, 0, null, null, 0, null, 0, 0, null, 0);
INSERT INTO elements (elements_id, start_with_new_line, has_other, name, visible_if, type, title, title_location, col_count, description, input_type, other_text, popupdescription, page_id, questionnaires_id, choices_by_url, is_required, enable_if, render_as, is_all_row_required, default_value, min, max, required_if, indent) VALUES (185, 1, 0, '24.1', '{24} = ''yes''', 'radiogroup', 'During the past month, how often did you eat processed meat? You can report per day, per week, or per month.', null, 4, null, null, null, null, 32, 16, null, 0, null, null, 0, null, 0, 0, null, 0);
INSERT INTO elements (elements_id, start_with_new_line, has_other, name, visible_if, type, title, title_location, col_count, description, input_type, other_text, popupdescription, page_id, questionnaires_id, choices_by_url, is_required, enable_if, render_as, is_all_row_required, default_value, min, max, required_if, indent) VALUES (186, 1, 0, '25', null, 'radiogroup', '25. During the past month, did you eat any whole grain bread including toast, rolls and in sandwiches? Whole grain breads include whole wheat, rye, oatmeal and pumpernickel. Do not include white bread.', null, 3, null, null, null, null, 33, 16, null, 0, null, null, 0, null, 0, 0, null, 0);
INSERT INTO elements (elements_id, start_with_new_line, has_other, name, visible_if, type, title, title_location, col_count, description, input_type, other_text, popupdescription, page_id, questionnaires_id, choices_by_url, is_required, enable_if, render_as, is_all_row_required, default_value, min, max, required_if, indent) VALUES (187, 1, 0, '25.1', '{25} = ''yes''', 'radiogroup', 'During the past month, how often did you eat whole grain bread? You can report per day, per week, or per month.', null, 4, null, null, null, null, 33, 16, null, 0, null, null, 0, null, 0, 0, null, 0);
INSERT INTO elements (elements_id, start_with_new_line, has_other, name, visible_if, type, title, title_location, col_count, description, input_type, other_text, popupdescription, page_id, questionnaires_id, choices_by_url, is_required, enable_if, render_as, is_all_row_required, default_value, min, max, required_if, indent) VALUES (188, 1, 0, '26', null, 'radiogroup', '26. During the past month, did you eat any chocolate or any other types of candy? Do not include sugar-free candy.', null, 3, null, null, null, null, 33, 16, null, 0, null, null, 0, null, 0, 0, null, 0);
INSERT INTO elements (elements_id, start_with_new_line, has_other, name, visible_if, type, title, title_location, col_count, description, input_type, other_text, popupdescription, page_id, questionnaires_id, choices_by_url, is_required, enable_if, render_as, is_all_row_required, default_value, min, max, required_if, indent) VALUES (189, 1, 0, '26.1', '{26} = ''yes''', 'radiogroup', 'During the past month, how often did you eat chocolate or any other types of candy? You can report per day, per week, or per month.', null, 4, null, null, null, null, 33, 16, null, 0, null, null, 0, null, 0, 0, null, 0);
INSERT INTO elements (elements_id, start_with_new_line, has_other, name, visible_if, type, title, title_location, col_count, description, input_type, other_text, popupdescription, page_id, questionnaires_id, choices_by_url, is_required, enable_if, render_as, is_all_row_required, default_value, min, max, required_if, indent) VALUES (190, 1, 0, '27', null, 'radiogroup', '27. During the past month, did you eat any doughnuts, sweet rolls, Danish, muffins, (pan dulce) or pop-tarts? Do not include sugar-free items.', null, 3, null, null, null, null, 33, 16, null, 0, null, null, 0, null, 0, 0, null, 0);
INSERT INTO elements (elements_id, start_with_new_line, has_other, name, visible_if, type, title, title_location, col_count, description, input_type, other_text, popupdescription, page_id, questionnaires_id, choices_by_url, is_required, enable_if, render_as, is_all_row_required, default_value, min, max, required_if, indent) VALUES (191, 1, 0, '27.1', '{27} = ''yes''', 'radiogroup', 'During the past month, how often did you eat doughnuts, sweet rolls, Danish, muffins, (pan dulce) or pop-tarts? You can report per day, per week, or per month.', null, 4, null, null, null, null, 33, 16, null, 0, null, null, 0, null, 0, 0, null, 0);
INSERT INTO elements (elements_id, start_with_new_line, has_other, name, visible_if, type, title, title_location, col_count, description, input_type, other_text, popupdescription, page_id, questionnaires_id, choices_by_url, is_required, enable_if, render_as, is_all_row_required, default_value, min, max, required_if, indent) VALUES (192, 1, 0, '28', null, 'radiogroup', '28. During the past month, did you eat any cookies, cake, pie, or brownies? Do not include sugar-free kinds.', null, 3, null, null, null, null, 34, 16, null, 0, null, null, 0, null, 0, 0, null, 0);
INSERT INTO elements (elements_id, start_with_new_line, has_other, name, visible_if, type, title, title_location, col_count, description, input_type, other_text, popupdescription, page_id, questionnaires_id, choices_by_url, is_required, enable_if, render_as, is_all_row_required, default_value, min, max, required_if, indent) VALUES (193, 1, 0, '28.1', '{28} = ''yes''', 'radiogroup', 'During the past month, how often did you eat cookies, cake, pie, or brownies? You can report per day, per week, or per month.', null, 4, null, null, null, null, 34, 16, null, 0, null, null, 0, null, 0, 0, null, 0);
INSERT INTO elements (elements_id, start_with_new_line, has_other, name, visible_if, type, title, title_location, col_count, description, input_type, other_text, popupdescription, page_id, questionnaires_id, choices_by_url, is_required, enable_if, render_as, is_all_row_required, default_value, min, max, required_if, indent) VALUES (194, 1, 0, '29', null, 'radiogroup', '29. During the past month, did you eat any ice cream or other frozen desserts? Do not include sugar-free kinds.', null, 3, null, null, null, null, 34, 16, null, 0, null, null, 0, null, 0, 0, null, 0);
INSERT INTO elements (elements_id, start_with_new_line, has_other, name, visible_if, type, title, title_location, col_count, description, input_type, other_text, popupdescription, page_id, questionnaires_id, choices_by_url, is_required, enable_if, render_as, is_all_row_required, default_value, min, max, required_if, indent) VALUES (195, 1, 0, '29.1', '{29} = ''yes''', 'radiogroup', 'During the past month, how often did you eat ice cream or other frozen desserts? You can report per day, per week, or per month', null, 4, null, null, null, null, 34, 16, null, 0, null, null, 0, null, 0, 0, null, 0);
INSERT INTO elements (elements_id, start_with_new_line, has_other, name, visible_if, type, title, title_location, col_count, description, input_type, other_text, popupdescription, page_id, questionnaires_id, choices_by_url, is_required, enable_if, render_as, is_all_row_required, default_value, min, max, required_if, indent) VALUES (120, 1, 0, '3', null, 'text', 'Age', 'left', 0, null, 'number', null, null, 15, 14, null, 0, null, null, 0, null, 1, 0, null, 0);
INSERT INTO elements (elements_id, start_with_new_line, has_other, name, visible_if, type, title, title_location, col_count, description, input_type, other_text, popupdescription, page_id, questionnaires_id, choices_by_url, is_required, enable_if, render_as, is_all_row_required, default_value, min, max, required_if, indent) VALUES (134, 1, 0, '3', null, 'matrix', 'Compared to 10 years ago, has there been any change in Visual-Spatial and Perceptual Abilities? *', null, 0, null, null, null, null, 21, 15, null, 0, null, null, 0, null, 0, 0, null, 0);
INSERT INTO elements (elements_id, start_with_new_line, has_other, name, visible_if, type, title, title_location, col_count, description, input_type, other_text, popupdescription, page_id, questionnaires_id, choices_by_url, is_required, enable_if, render_as, is_all_row_required, default_value, min, max, required_if, indent) VALUES (140, 1, 0, '3', null, 'radiogroup', '3. During the past month, did you eat any hot or cold cereals?', null, 3, null, null, null, null, 25, 16, null, 0, null, null, 0, null, 0, 0, null, 0);
INSERT INTO elements (elements_id, start_with_new_line, has_other, name, visible_if, type, title, title_location, col_count, description, input_type, other_text, popupdescription, page_id, questionnaires_id, choices_by_url, is_required, enable_if, render_as, is_all_row_required, default_value, min, max, required_if, indent) VALUES (200, 1, 0, '3', null, 'radiogroup', '1. I rarely or never do any physical activities.', null, 3, null, null, null, null, 36, 17, null, 0, null, null, 0, null, 0, 0, null, 2);
INSERT INTO elements (elements_id, start_with_new_line, has_other, name, visible_if, type, title, title_location, col_count, description, input_type, other_text, popupdescription, page_id, questionnaires_id, choices_by_url, is_required, enable_if, render_as, is_all_row_required, default_value, min, max, required_if, indent) VALUES (88, 1, 0, '3.1', null, 'radiogroup', '2. Have you ever been diagnosed with a medical condition related to high or elevated cholesterol levels?', 'top', 0, null, null, 'Unknown', '<b>below are some of the term(s) that may have been used by your doctor to elevated cholesterol:</b><br>High Cholesterol
<br/>High HDL and/or LDL levels
<br/>High Triglycerides
<br/>Hypercholesterolemia
<br/>Lipid Disorder
<br/>Hyperlipidemia
<br/>Hypertriglyceridemia', 10, 13, null, 0, null, null, 0, null, 0, 0, null, 0);
INSERT INTO elements (elements_id, start_with_new_line, has_other, name, visible_if, type, title, title_location, col_count, description, input_type, other_text, popupdescription, page_id, questionnaires_id, choices_by_url, is_required, enable_if, render_as, is_all_row_required, default_value, min, max, required_if, indent) VALUES (141, 1, 0, '3.1', '{3} = ''yes''', 'radiogroup', ' During the past month, how often did you eat hot or cold cereals? You can report per day, per week, or per month.
', null, 4, null, null, null, null, 25, 16, null, 0, null, null, 0, null, 0, 0, null, 0);
INSERT INTO elements (elements_id, start_with_new_line, has_other, name, visible_if, type, title, title_location, col_count, description, input_type, other_text, popupdescription, page_id, questionnaires_id, choices_by_url, is_required, enable_if, render_as, is_all_row_required, default_value, min, max, required_if, indent) VALUES (89, 1, 0, '3.2', '{3.1} = ''yes''', 'radiogroup', 'How long have you had this condition?', null, 5, null, null, null, null, 10, 13, null, 0, null, null, 0, null, 0, 0, null, 0);
INSERT INTO elements (elements_id, start_with_new_line, has_other, name, visible_if, type, title, title_location, col_count, description, input_type, other_text, popupdescription, page_id, questionnaires_id, choices_by_url, is_required, enable_if, render_as, is_all_row_required, default_value, min, max, required_if, indent) VALUES (90, 1, 0, '3.3', '{3.1} = ''yes''', 'radiogroup', 'Were you ever treated for this condition', 'left', 0, null, null, null, null, 10, 13, null, 0, null, null, 0, null, 0, 0, null, 0);
INSERT INTO elements (elements_id, start_with_new_line, has_other, name, visible_if, type, title, title_location, col_count, description, input_type, other_text, popupdescription, page_id, questionnaires_id, choices_by_url, is_required, enable_if, render_as, is_all_row_required, default_value, min, max, required_if, indent) VALUES (91, 1, 0, '3.4', '{3.1} = ''yes'' and {3.3} = ''yes''', 'radiogroup', 'Are you currently treating this condition?', 'left', 0, null, null, null, null, 10, 13, null, 0, null, null, 0, null, 0, 0, null, 0);
INSERT INTO elements (elements_id, start_with_new_line, has_other, name, visible_if, type, title, title_location, col_count, description, input_type, other_text, popupdescription, page_id, questionnaires_id, choices_by_url, is_required, enable_if, render_as, is_all_row_required, default_value, min, max, required_if, indent) VALUES (92, 1, 0, '3.5', '{3.1} = ''yes'' and {3.3} = ''yes'' and {3.4} = ''yes''', 'tagbox', 'Elevated cholesterol Medication/supplements', 'left', 0, 'please select the medications you believe to be taking for this condition', null, null, null, 10, 13, 'http://localhost:8080/api/adapt/questionnaire/medicine', 0, null, 'select2', 0, 'No prescribed medications', 0, 0, null, 0);
INSERT INTO elements (elements_id, start_with_new_line, has_other, name, visible_if, type, title, title_location, col_count, description, input_type, other_text, popupdescription, page_id, questionnaires_id, choices_by_url, is_required, enable_if, render_as, is_all_row_required, default_value, min, max, required_if, indent) VALUES (93, 1, 1, '3.6', '{3.1} = ''yes'' and {3.3} = ''yes'' and {3.4} = ''yes''', 'checkbox', null, 'hidden', 3, null, null, null, null, 10, 13, null, 0, null, null, 0, null, 0, 0, '{3.5} contains ''No prescribed medications''', 0);
INSERT INTO elements (elements_id, start_with_new_line, has_other, name, visible_if, type, title, title_location, col_count, description, input_type, other_text, popupdescription, page_id, questionnaires_id, choices_by_url, is_required, enable_if, render_as, is_all_row_required, default_value, min, max, required_if, indent) VALUES (196, 1, 0, '30', null, 'radiogroup', '30. During the past month, did you eat any popcorn?', null, 3, null, null, null, null, 34, 16, null, 0, null, null, 0, null, 0, 0, null, 0);
INSERT INTO elements (elements_id, start_with_new_line, has_other, name, visible_if, type, title, title_location, col_count, description, input_type, other_text, popupdescription, page_id, questionnaires_id, choices_by_url, is_required, enable_if, render_as, is_all_row_required, default_value, min, max, required_if, indent) VALUES (197, 1, 0, '30.1', '{30} = ''yes''', 'radiogroup', 'During the past month, how often did you eat popcorn? You can report per day, per week, or per month.', null, 4, null, null, null, null, 34, 16, null, 0, null, null, 0, null, 0, 0, null, 0);
INSERT INTO elements (elements_id, start_with_new_line, has_other, name, visible_if, type, title, title_location, col_count, description, input_type, other_text, popupdescription, page_id, questionnaires_id, choices_by_url, is_required, enable_if, render_as, is_all_row_required, default_value, min, max, required_if, indent) VALUES (121, 1, 0, '4', null, 'radiogroup', 'Sex:', 'left', 2, null, null, null, null, 15, 14, null, 0, null, null, 0, null, 0, 0, null, 0);
INSERT INTO elements (elements_id, start_with_new_line, has_other, name, visible_if, type, title, title_location, col_count, description, input_type, other_text, popupdescription, page_id, questionnaires_id, choices_by_url, is_required, enable_if, render_as, is_all_row_required, default_value, min, max, required_if, indent) VALUES (135, 1, 0, '4', null, 'matrix', 'Compared to 10 years ago, has there been any change in Executive Functioning: Planning? *', null, 0, null, null, null, null, 22, 15, null, 0, null, null, 0, null, 0, 0, null, 0);
INSERT INTO elements (elements_id, start_with_new_line, has_other, name, visible_if, type, title, title_location, col_count, description, input_type, other_text, popupdescription, page_id, questionnaires_id, choices_by_url, is_required, enable_if, render_as, is_all_row_required, default_value, min, max, required_if, indent) VALUES (142, 1, 1, '4', null, 'radiogroup', '4. During the past month, what kind of cereal did you usually eat?  ', null, 3, null, null, 'Other  Cereal(describe)', null, 26, 16, null, 0, null, null, 0, null, 0, 0, null, 0);
INSERT INTO elements (elements_id, start_with_new_line, has_other, name, visible_if, type, title, title_location, col_count, description, input_type, other_text, popupdescription, page_id, questionnaires_id, choices_by_url, is_required, enable_if, render_as, is_all_row_required, default_value, min, max, required_if, indent) VALUES (201, 1, 0, '4', null, 'radiogroup', '2. I do some light or moderate physical activities, but not every week.', null, 3, null, null, null, null, 36, 17, null, 0, null, null, 0, null, 0, 0, null, 2);
INSERT INTO elements (elements_id, start_with_new_line, has_other, name, visible_if, type, title, title_location, col_count, description, input_type, other_text, popupdescription, page_id, questionnaires_id, choices_by_url, is_required, enable_if, render_as, is_all_row_required, default_value, min, max, required_if, indent) VALUES (94, 1, 0, '4.1', null, 'radiogroup', '3. Have you ever been diagnosed with a medical condition related to Diabetes Mellitus?', 'top', 0, null, null, 'Unknown', '<b>below are some of the term(s) that may have been used by your doctor to describe diabetes:</b><br>Diabetes Type I <br/>High Blood Glucose/Sugar <br/>Abnormal Glycated Hemoglobin<br/>Diabetes Type II or Adult-Onset <br/>Hyperglycemia<br/>Level (HbA1c) <br/>Insulin-dependent Diabetes<br/>Insufficient Fasting <br/>Abnormal Glucose Tolerance<br/>Non-insulin dependent Diabetes <br/>Prediabetes<br/>Glucose (IFG) <br/>Brittle Diabetes<br/>Abnormal Fasting Plasma <br/>Metabolic Syndrome<br/>Insulin Resistance <br/>Glucose Level (FPG)', 11, 13, null, 0, null, null, 0, null, 0, 0, null, 0);
INSERT INTO elements (elements_id, start_with_new_line, has_other, name, visible_if, type, title, title_location, col_count, description, input_type, other_text, popupdescription, page_id, questionnaires_id, choices_by_url, is_required, enable_if, render_as, is_all_row_required, default_value, min, max, required_if, indent) VALUES (143, 1, 1, '4.1', '{4} = ''hotcereal''', 'tagbox', 'Please select the type of Hot Cereal', 'left', 0, null, null, 'Type of Other Hot Cereal(describe)', null, 26, 16, 'http://localhost:8080/api/adapt/questionnaire/cerealList', 0, null, null, 0, null, 0, 0, null, 0);
INSERT INTO elements (elements_id, start_with_new_line, has_other, name, visible_if, type, title, title_location, col_count, description, input_type, other_text, popupdescription, page_id, questionnaires_id, choices_by_url, is_required, enable_if, render_as, is_all_row_required, default_value, min, max, required_if, indent) VALUES (95, 1, 0, '4.2', '{4.1} = ''yes''', 'radiogroup', 'How long have you had this condition?', null, 5, null, null, null, null, 11, 13, null, 0, null, null, 0, null, 0, 0, null, 0);
INSERT INTO elements (elements_id, start_with_new_line, has_other, name, visible_if, type, title, title_location, col_count, description, input_type, other_text, popupdescription, page_id, questionnaires_id, choices_by_url, is_required, enable_if, render_as, is_all_row_required, default_value, min, max, required_if, indent) VALUES (144, 1, 1, '4.2', '{4} = ''coldcereal''', 'tagbox', 'Please select the type of Cold Cereal', 'left', 0, null, null, 'Type of Other Cold Cereal(describe)', null, 26, 16, 'http://localhost:8080/api/adapt/questionnaire/cerealList', 0, null, null, 0, null, 0, 0, null, 0);
INSERT INTO elements (elements_id, start_with_new_line, has_other, name, visible_if, type, title, title_location, col_count, description, input_type, other_text, popupdescription, page_id, questionnaires_id, choices_by_url, is_required, enable_if, render_as, is_all_row_required, default_value, min, max, required_if, indent) VALUES (96, 1, 0, '4.3', '{4.1} = ''yes''', 'radiogroup', 'Were you ever treated for this condition', 'left', 0, null, null, null, null, 11, 13, null, 0, null, null, 0, null, 0, 0, null, 0);
INSERT INTO elements (elements_id, start_with_new_line, has_other, name, visible_if, type, title, title_location, col_count, description, input_type, other_text, popupdescription, page_id, questionnaires_id, choices_by_url, is_required, enable_if, render_as, is_all_row_required, default_value, min, max, required_if, indent) VALUES (97, 1, 0, '4.4', '{4.1} = ''yes'' and {4.3} = ''yes''', 'radiogroup', 'Are you currently treating this condition?', 'left', 0, null, null, null, null, 11, 13, null, 0, null, null, 0, null, 0, 0, null, 0);
INSERT INTO elements (elements_id, start_with_new_line, has_other, name, visible_if, type, title, title_location, col_count, description, input_type, other_text, popupdescription, page_id, questionnaires_id, choices_by_url, is_required, enable_if, render_as, is_all_row_required, default_value, min, max, required_if, indent) VALUES (98, 1, 0, '4.5', '{4.1} = ''yes'' and {4.3} = ''yes'' and {4.4} = ''yes''', 'tagbox', 'Diabetes Mellitus Medication/supplements', 'left', 0, 'please select the medications you believe to be taking for this condition', null, null, null, 11, 13, 'http://localhost:8080/api/adapt/questionnaire/medicine', 0, null, 'select2', 0, 'No prescribed medications', 0, 0, null, 0);
INSERT INTO elements (elements_id, start_with_new_line, has_other, name, visible_if, type, title, title_location, col_count, description, input_type, other_text, popupdescription, page_id, questionnaires_id, choices_by_url, is_required, enable_if, render_as, is_all_row_required, default_value, min, max, required_if, indent) VALUES (99, 1, 1, '4.6', '{4.1} = ''yes'' and {4.3} = ''yes'' and {4.4} = ''yes''', 'checkbox', null, 'hidden', 3, null, null, null, null, 11, 13, null, 0, null, null, 0, null, 0, 0, '{4.5} contains ''No prescribed medications''', 0);
INSERT INTO elements (elements_id, start_with_new_line, has_other, name, visible_if, type, title, title_location, col_count, description, input_type, other_text, popupdescription, page_id, questionnaires_id, choices_by_url, is_required, enable_if, render_as, is_all_row_required, default_value, min, max, required_if, indent) VALUES (122, 1, 0, '5', null, 'radiogroup', '1. Do you snore?', null, 3, null, null, null, null, 16, 14, null, 0, null, null, 0, null, 0, 0, null, 0);
INSERT INTO elements (elements_id, start_with_new_line, has_other, name, visible_if, type, title, title_location, col_count, description, input_type, other_text, popupdescription, page_id, questionnaires_id, choices_by_url, is_required, enable_if, render_as, is_all_row_required, default_value, min, max, required_if, indent) VALUES (136, 1, 0, '5', null, 'matrix', 'Compared to 10 years ago, has there been any change in Executive Functioning: Organization? *', null, 0, null, null, null, null, 23, 15, null, 0, null, null, 0, null, 0, 0, null, 0);
INSERT INTO elements (elements_id, start_with_new_line, has_other, name, visible_if, type, title, title_location, col_count, description, input_type, other_text, popupdescription, page_id, questionnaires_id, choices_by_url, is_required, enable_if, render_as, is_all_row_required, default_value, min, max, required_if, indent) VALUES (145, 1, 0, '5', null, 'radiogroup', '5. Was there another second cereal that you usually ate?', null, 3, null, null, null, null, 26, 16, null, 0, null, null, 0, null, 0, 0, null, 0);
INSERT INTO elements (elements_id, start_with_new_line, has_other, name, visible_if, type, title, title_location, col_count, description, input_type, other_text, popupdescription, page_id, questionnaires_id, choices_by_url, is_required, enable_if, render_as, is_all_row_required, default_value, min, max, required_if, indent) VALUES (202, 1, 0, '5', null, 'radiogroup', '3. I do some light physical activity every week.', null, 3, null, null, null, null, 36, 17, null, 0, null, null, 0, null, 0, 0, null, 2);
INSERT INTO elements (elements_id, start_with_new_line, has_other, name, visible_if, type, title, title_location, col_count, description, input_type, other_text, popupdescription, page_id, questionnaires_id, choices_by_url, is_required, enable_if, render_as, is_all_row_required, default_value, min, max, required_if, indent) VALUES (100, 1, 0, '5.1', null, 'radiogroup', '4. Have you ever been diagnosed with a medical condition related to kidney health or function?', 'top', 0, null, null, 'Unknown', '<b>below are some of the term(s) that may have been used by your doctor to describe kidney problems:</b><br>Kidney Disease
<br/>Chronic Kidney Disease
<br/>Nephropathy
<br/>Renal Disease or Failure
<br/>Impaired Kidney Function', 12, 13, null, 0, null, null, 0, null, 0, 0, null, 0);
INSERT INTO elements (elements_id, start_with_new_line, has_other, name, visible_if, type, title, title_location, col_count, description, input_type, other_text, popupdescription, page_id, questionnaires_id, choices_by_url, is_required, enable_if, render_as, is_all_row_required, default_value, min, max, required_if, indent) VALUES (146, 1, 1, '5.1', '{5} = ''yes''', 'radiogroup', 'During the past month, what kind of second cereal did you usually eat?  ', null, 3, null, null, 'Other  Cereal(describe)', null, 26, 16, null, 0, null, null, 0, null, 0, 0, null, 0);
INSERT INTO elements (elements_id, start_with_new_line, has_other, name, visible_if, type, title, title_location, col_count, description, input_type, other_text, popupdescription, page_id, questionnaires_id, choices_by_url, is_required, enable_if, render_as, is_all_row_required, default_value, min, max, required_if, indent) VALUES (101, 1, 0, '5.2', '{5.1} = ''yes''', 'radiogroup', 'How long have you had this condition?', null, 5, null, null, null, null, 12, 13, null, 0, null, null, 0, null, 0, 0, null, 0);
INSERT INTO elements (elements_id, start_with_new_line, has_other, name, visible_if, type, title, title_location, col_count, description, input_type, other_text, popupdescription, page_id, questionnaires_id, choices_by_url, is_required, enable_if, render_as, is_all_row_required, default_value, min, max, required_if, indent) VALUES (147, 1, 1, '5.2', '{5} = ''yes'' and {5.1} = ''hotcereal''', 'tagbox', 'Please select the type of Hot Cereal', 'left', 0, null, null, 'Type of Other Hot Cereal(describe)', null, 26, 16, 'http://localhost:8080/api/adapt/questionnaire/cerealList', 0, null, null, 0, null, 0, 0, null, 0);
INSERT INTO elements (elements_id, start_with_new_line, has_other, name, visible_if, type, title, title_location, col_count, description, input_type, other_text, popupdescription, page_id, questionnaires_id, choices_by_url, is_required, enable_if, render_as, is_all_row_required, default_value, min, max, required_if, indent) VALUES (102, 1, 0, '5.3', '{5.1} = ''yes''', 'radiogroup', 'Were you ever treated for this condition', 'left', 0, null, null, null, null, 12, 13, null, 0, null, null, 0, null, 0, 0, null, 0);
INSERT INTO elements (elements_id, start_with_new_line, has_other, name, visible_if, type, title, title_location, col_count, description, input_type, other_text, popupdescription, page_id, questionnaires_id, choices_by_url, is_required, enable_if, render_as, is_all_row_required, default_value, min, max, required_if, indent) VALUES (148, 1, 1, '5.3', '{5} = ''yes'' and {5.1} = ''coldcereal''', 'tagbox', 'Please select the type of Cold Cereal', 'left', 0, null, null, 'Type of Other Cold Cereal(describe)', null, 26, 16, 'http://localhost:8080/api/adapt/questionnaire/cerealList', 0, null, null, 0, null, 0, 0, null, 0);
INSERT INTO elements (elements_id, start_with_new_line, has_other, name, visible_if, type, title, title_location, col_count, description, input_type, other_text, popupdescription, page_id, questionnaires_id, choices_by_url, is_required, enable_if, render_as, is_all_row_required, default_value, min, max, required_if, indent) VALUES (103, 1, 0, '5.4', '{5.1} = ''yes'' and {5.3} = ''yes''', 'radiogroup', 'Are you currently treating this condition?', 'left', 0, null, null, null, null, 12, 13, null, 0, null, null, 0, null, 0, 0, null, 0);
INSERT INTO elements (elements_id, start_with_new_line, has_other, name, visible_if, type, title, title_location, col_count, description, input_type, other_text, popupdescription, page_id, questionnaires_id, choices_by_url, is_required, enable_if, render_as, is_all_row_required, default_value, min, max, required_if, indent) VALUES (104, 1, 0, '5.5', '{5.1} = ''yes'' and {5.3} = ''yes'' and {5.4} = ''yes''', 'tagbox', 'Kidney Medication/supplements', 'left', 0, 'Please select the medications you believe to be taking for this condition', null, null, null, 12, 13, 'http://localhost:8080/api/adapt/questionnaire/medicine', 0, null, 'select2', 0, 'No prescribed medications', 0, 0, null, 0);
INSERT INTO elements (elements_id, start_with_new_line, has_other, name, visible_if, type, title, title_location, col_count, description, input_type, other_text, popupdescription, page_id, questionnaires_id, choices_by_url, is_required, enable_if, render_as, is_all_row_required, default_value, min, max, required_if, indent) VALUES (105, 1, 1, '5.6', '{5.1} = ''yes'' and {5.3} = ''yes'' and {5.4} = ''yes''', 'checkbox', null, 'hidden', 3, null, null, null, null, 12, 13, null, 0, null, null, 0, null, 0, 0, '{5.5} contains ''No prescribed medications''', 0);
INSERT INTO elements (elements_id, start_with_new_line, has_other, name, visible_if, type, title, title_location, col_count, description, input_type, other_text, popupdescription, page_id, questionnaires_id, choices_by_url, is_required, enable_if, render_as, is_all_row_required, default_value, min, max, required_if, indent) VALUES (123, 1, 0, '6', '{5} = ''yes''', 'radiogroup', 'Your snoring is:', null, 2, null, null, null, null, 16, 14, null, 0, null, null, 0, null, 0, 0, null, 0);
INSERT INTO elements (elements_id, start_with_new_line, has_other, name, visible_if, type, title, title_location, col_count, description, input_type, other_text, popupdescription, page_id, questionnaires_id, choices_by_url, is_required, enable_if, render_as, is_all_row_required, default_value, min, max, required_if, indent) VALUES (137, 1, 0, '6', null, 'matrix', 'Compared to 10 years ago, has there been any change in Executive Functioning: Divided Attention? *', null, 0, null, null, null, null, 24, 15, null, 0, null, null, 0, null, 0, 0, null, 0);
INSERT INTO elements (elements_id, start_with_new_line, has_other, name, visible_if, type, title, title_location, col_count, description, input_type, other_text, popupdescription, page_id, questionnaires_id, choices_by_url, is_required, enable_if, render_as, is_all_row_required, default_value, min, max, required_if, indent) VALUES (149, 1, 0, '6', null, 'radiogroup', '6. During the past month, did you have any milk (either to drink or on cereal)? Include regular milks, chocolate or other flavored milks, lactose-free milk, buttermilk. Do not include soy milk or small amounts of milk in coffee or tea.', null, 3, null, null, null, null, 26, 16, null, 0, null, null, 0, null, 0, 0, null, 0);
INSERT INTO elements (elements_id, start_with_new_line, has_other, name, visible_if, type, title, title_location, col_count, description, input_type, other_text, popupdescription, page_id, questionnaires_id, choices_by_url, is_required, enable_if, render_as, is_all_row_required, default_value, min, max, required_if, indent) VALUES (203, 1, 0, '6', null, 'radiogroup', '4. I do moderate physical activities every week, but less than 30 minutes a day or 5 days a week.', null, 3, null, null, null, null, 36, 17, null, 0, null, null, 0, null, 0, 0, null, 2);
INSERT INTO elements (elements_id, start_with_new_line, has_other, name, visible_if, type, title, title_location, col_count, description, input_type, other_text, popupdescription, page_id, questionnaires_id, choices_by_url, is_required, enable_if, render_as, is_all_row_required, default_value, min, max, required_if, indent) VALUES (106, 1, 0, '6.1', null, 'radiogroup', '5. Have you ever been diagnosed with a medical condition related to heart health or function?', 'top', 0, null, null, 'Unknown', '<b>below are some of the term(s) that may have been used by your doctor to describe heart problems:</b><br>Heart Disease
<br/>Arrhythmia
<br/>Bypass Surgery
<br/>Hypertensive Heart Disease
<br/>Heart Attack/Cardiac Arrest
<br/>Cardiac Bypass Procedure
<br/>Coronary Heart Disease
<br/>Atrial Fibrillation
<br/>Heart Valve Problems
<br/>Congestive Heart Failure
<br/>Unsteady Heartbeat (Flutter)<br/>Pacemaker
<br/>Angina (Chest Pain)<br/>Coronary Angioplasty/Stent', 13, 13, null, 0, null, null, 0, null, 0, 0, null, 0);
INSERT INTO elements (elements_id, start_with_new_line, has_other, name, visible_if, type, title, title_location, col_count, description, input_type, other_text, popupdescription, page_id, questionnaires_id, choices_by_url, is_required, enable_if, render_as, is_all_row_required, default_value, min, max, required_if, indent) VALUES (150, 1, 0, '6.1', '{6} = ''yes''', 'radiogroup', 'During the past month, how often did you have any milk (either to drink or on cereal)? You
               can report per day, per week, or per month.
', null, 4, null, null, null, null, 26, 16, null, 0, null, null, 0, null, 0, 0, null, 0);
INSERT INTO elements (elements_id, start_with_new_line, has_other, name, visible_if, type, title, title_location, col_count, description, input_type, other_text, popupdescription, page_id, questionnaires_id, choices_by_url, is_required, enable_if, render_as, is_all_row_required, default_value, min, max, required_if, indent) VALUES (107, 1, 0, '6.2', '{6.1} = ''yes''', 'radiogroup', 'How long have you had this condition?', null, 5, null, null, null, null, 13, 13, null, 0, null, null, 0, null, 0, 0, null, 0);
INSERT INTO elements (elements_id, start_with_new_line, has_other, name, visible_if, type, title, title_location, col_count, description, input_type, other_text, popupdescription, page_id, questionnaires_id, choices_by_url, is_required, enable_if, render_as, is_all_row_required, default_value, min, max, required_if, indent) VALUES (108, 1, 0, '6.3', '{6.1} = ''yes''', 'radiogroup', 'Were you ever treated for this condition', 'left', 0, null, null, null, null, 13, 13, null, 0, null, null, 0, null, 0, 0, null, 0);
INSERT INTO elements (elements_id, start_with_new_line, has_other, name, visible_if, type, title, title_location, col_count, description, input_type, other_text, popupdescription, page_id, questionnaires_id, choices_by_url, is_required, enable_if, render_as, is_all_row_required, default_value, min, max, required_if, indent) VALUES (109, 1, 0, '6.4', '{6.1} = ''yes'' and {6.3} = ''yes''', 'radiogroup', 'Are you currently treating this condition?', 'left', 0, null, null, null, null, 13, 13, null, 0, null, null, 0, null, 0, 0, null, 0);
INSERT INTO elements (elements_id, start_with_new_line, has_other, name, visible_if, type, title, title_location, col_count, description, input_type, other_text, popupdescription, page_id, questionnaires_id, choices_by_url, is_required, enable_if, render_as, is_all_row_required, default_value, min, max, required_if, indent) VALUES (110, 1, 0, '6.5', '{6.1} = ''yes'' and {6.3} = ''yes'' and {6.4} = ''yes''', 'tagbox', 'Heart Medication/supplements', 'left', 0, 'Please select the medications you believe to be taking for this condition', null, null, null, 13, 13, 'http://localhost:8080/api/adapt/questionnaire/medicine', 0, null, 'select2', 0, 'No prescribed medications', 0, 0, null, 0);
INSERT INTO elements (elements_id, start_with_new_line, has_other, name, visible_if, type, title, title_location, col_count, description, input_type, other_text, popupdescription, page_id, questionnaires_id, choices_by_url, is_required, enable_if, render_as, is_all_row_required, default_value, min, max, required_if, indent) VALUES (111, 1, 1, '6.6', '{6.1} = ''yes'' and {6.3} = ''yes'' and {6.4} = ''yes''', 'checkbox', null, 'hidden', 3, null, null, null, null, 13, 13, null, 0, null, null, 0, null, 0, 0, '{6.5} contains ''No prescribed medications''', 0);
INSERT INTO elements (elements_id, start_with_new_line, has_other, name, visible_if, type, title, title_location, col_count, description, input_type, other_text, popupdescription, page_id, questionnaires_id, choices_by_url, is_required, enable_if, render_as, is_all_row_required, default_value, min, max, required_if, indent) VALUES (124, 1, 0, '7', '{5} = ''yes''', 'radiogroup', 'How often do you snore?', null, 2, null, null, null, null, 16, 14, null, 0, null, null, 0, null, 0, 0, null, 0);
INSERT INTO elements (elements_id, start_with_new_line, has_other, name, visible_if, type, title, title_location, col_count, description, input_type, other_text, popupdescription, page_id, questionnaires_id, choices_by_url, is_required, enable_if, render_as, is_all_row_required, default_value, min, max, required_if, indent) VALUES (151, 1, 1, '7', null, 'radiogroup', '7. During the past month, what kind of milk did you usually drink?', null, 3, null, null, null, null, 27, 16, null, 0, null, null, 0, null, 0, 0, null, 0);
INSERT INTO elements (elements_id, start_with_new_line, has_other, name, visible_if, type, title, title_location, col_count, description, input_type, other_text, popupdescription, page_id, questionnaires_id, choices_by_url, is_required, enable_if, render_as, is_all_row_required, default_value, min, max, required_if, indent) VALUES (204, 1, 0, '7', null, 'radiogroup', '5. I do vigorous physical activities every week, but less than 20 minutes a day or 3 days a week.', null, 3, null, null, null, null, 36, 17, null, 0, null, null, 0, null, 0, 0, null, 2);
INSERT INTO elements (elements_id, start_with_new_line, has_other, name, visible_if, type, title, title_location, col_count, description, input_type, other_text, popupdescription, page_id, questionnaires_id, choices_by_url, is_required, enable_if, render_as, is_all_row_required, default_value, min, max, required_if, indent) VALUES (112, 1, 0, '7.1', null, 'radiogroup', '6. Have you ever been diagnosed with a medical condition related to artery/vascular health or function?', 'top', 0, null, null, 'Unknown', '<b>below are some of the term(s) that may have been used by your doctor to describe vascular disease:</b><br/>Arterial Disease <br/>Carotid Artery Disease <br/>Carotid Endarterectomy<br/>Atherosclerosis <br/>Carotid Bruit <br/>TIA or “Mini-Stroke”<br/>Intermittent Claudication <br/>Carotid Stenosis <br/>Stroke<br/>Peripheral Vascular Disease <br/>Carotid Surgery', 14, 13, null, 0, null, null, 0, null, 0, 0, null, 0);
INSERT INTO elements (elements_id, start_with_new_line, has_other, name, visible_if, type, title, title_location, col_count, description, input_type, other_text, popupdescription, page_id, questionnaires_id, choices_by_url, is_required, enable_if, render_as, is_all_row_required, default_value, min, max, required_if, indent) VALUES (113, 1, 0, '7.2', '{7.1} = ''yes''', 'radiogroup', 'How long have you had this condition?', null, 5, null, null, null, null, 14, 13, null, 0, null, null, 0, null, 0, 0, null, 0);
INSERT INTO elements (elements_id, start_with_new_line, has_other, name, visible_if, type, title, title_location, col_count, description, input_type, other_text, popupdescription, page_id, questionnaires_id, choices_by_url, is_required, enable_if, render_as, is_all_row_required, default_value, min, max, required_if, indent) VALUES (114, 1, 0, '7.3', '{7.1} = ''yes''', 'radiogroup', 'Were you ever treated for this condition', 'left', 0, null, null, null, null, 14, 13, null, 0, null, null, 0, null, 0, 0, null, 0);
INSERT INTO elements (elements_id, start_with_new_line, has_other, name, visible_if, type, title, title_location, col_count, description, input_type, other_text, popupdescription, page_id, questionnaires_id, choices_by_url, is_required, enable_if, render_as, is_all_row_required, default_value, min, max, required_if, indent) VALUES (115, 1, 0, '7.4', '{7.1} = ''yes'' and {7.3} = ''yes''', 'radiogroup', 'Are you currently treating this condition?', 'left', 0, null, null, null, null, 14, 13, null, 0, null, null, 0, null, 0, 0, null, 0);
INSERT INTO elements (elements_id, start_with_new_line, has_other, name, visible_if, type, title, title_location, col_count, description, input_type, other_text, popupdescription, page_id, questionnaires_id, choices_by_url, is_required, enable_if, render_as, is_all_row_required, default_value, min, max, required_if, indent) VALUES (116, 1, 0, '7.5', '{7.1} = ''yes'' and {7.3} = ''yes'' and {7.4} = ''yes''', 'tagbox', 'Vascular Medication/supplements', 'left', 0, 'please select the medications you believe to be taking for this condition', null, null, null, 14, 13, 'http://localhost:8080/api/adapt/questionnaire/medicine', 0, null, 'select2', 0, 'No prescribed medications', 0, 0, null, 0);
INSERT INTO elements (elements_id, start_with_new_line, has_other, name, visible_if, type, title, title_location, col_count, description, input_type, other_text, popupdescription, page_id, questionnaires_id, choices_by_url, is_required, enable_if, render_as, is_all_row_required, default_value, min, max, required_if, indent) VALUES (117, 1, 1, '7.6', '{7.1} = ''yes'' and {7.3} = ''yes'' and {7.4} = ''yes''', 'checkbox', null, 'hidden', 3, null, null, null, null, 14, 13, null, 0, null, null, 0, null, 0, 0, '{7.5} contains ''No prescribed medications''', 0);
INSERT INTO elements (elements_id, start_with_new_line, has_other, name, visible_if, type, title, title_location, col_count, description, input_type, other_text, popupdescription, page_id, questionnaires_id, choices_by_url, is_required, enable_if, render_as, is_all_row_required, default_value, min, max, required_if, indent) VALUES (125, 1, 0, '8', '{5} = ''yes''', 'radiogroup', 'Has your snoring ever bothered other people?', null, 3, null, null, null, null, 16, 14, null, 0, null, null, 0, null, 0, 0, null, 0);
INSERT INTO elements (elements_id, start_with_new_line, has_other, name, visible_if, type, title, title_location, col_count, description, input_type, other_text, popupdescription, page_id, questionnaires_id, choices_by_url, is_required, enable_if, render_as, is_all_row_required, default_value, min, max, required_if, indent) VALUES (152, 1, 0, '8', null, 'radiogroup', '8. During the past month, did you drink any regular soda or pop that contains sugar?  Do not include diet soda', null, 3, null, null, null, null, 27, 16, null, 0, null, null, 0, null, 0, 0, null, 0);
INSERT INTO elements (elements_id, start_with_new_line, has_other, name, visible_if, type, title, title_location, col_count, description, input_type, other_text, popupdescription, page_id, questionnaires_id, choices_by_url, is_required, enable_if, render_as, is_all_row_required, default_value, min, max, required_if, indent) VALUES (205, 1, 0, '8', null, 'radiogroup', '6. I do 30 minutes or more a day of moderate physical activities, 5 or more days a week.', null, 3, null, null, null, null, 36, 17, null, 0, null, null, 0, null, 0, 0, null, 2);
INSERT INTO elements (elements_id, start_with_new_line, has_other, name, visible_if, type, title, title_location, col_count, description, input_type, other_text, popupdescription, page_id, questionnaires_id, choices_by_url, is_required, enable_if, render_as, is_all_row_required, default_value, min, max, required_if, indent) VALUES (153, 1, 0, '8.1', '{8} = ''yes''', 'radiogroup', 'During the past month, how often did you drink regular soda or pop? You can report per
               day, per week, or per month
', null, 4, null, null, null, null, 27, 16, null, 0, null, null, 0, null, 0, 0, null, 0);
INSERT INTO elements (elements_id, start_with_new_line, has_other, name, visible_if, type, title, title_location, col_count, description, input_type, other_text, popupdescription, page_id, questionnaires_id, choices_by_url, is_required, enable_if, render_as, is_all_row_required, default_value, min, max, required_if, indent) VALUES (126, 1, 0, '9', '{5} = ''yes''', 'radiogroup', 'Has anyone noticed that you quit breathing during your sleep?', null, 2, null, null, null, null, 16, 14, null, 0, null, null, 0, null, 0, 0, null, 0);
INSERT INTO elements (elements_id, start_with_new_line, has_other, name, visible_if, type, title, title_location, col_count, description, input_type, other_text, popupdescription, page_id, questionnaires_id, choices_by_url, is_required, enable_if, render_as, is_all_row_required, default_value, min, max, required_if, indent) VALUES (154, 1, 0, '9', null, 'radiogroup', '9. During the past month, did you drink any 100% pure fruit juices such as orange, mango, apple, grape and pineapple juices? Do not include fruit-flavored drinks with added sugar or fruit juice you made at home and added sugar to', null, 3, null, null, null, null, 27, 16, null, 0, null, null, 0, null, 0, 0, null, 0);
INSERT INTO elements (elements_id, start_with_new_line, has_other, name, visible_if, type, title, title_location, col_count, description, input_type, other_text, popupdescription, page_id, questionnaires_id, choices_by_url, is_required, enable_if, render_as, is_all_row_required, default_value, min, max, required_if, indent) VALUES (206, 1, 0, '9', null, 'radiogroup', '7. I do 20 minutes or more a day of vigorous physical activities, 3 or more days a week.', null, 3, null, null, null, null, 36, 17, null, 0, null, null, 0, null, 0, 0, null, 2);
INSERT INTO elements (elements_id, start_with_new_line, has_other, name, visible_if, type, title, title_location, col_count, description, input_type, other_text, popupdescription, page_id, questionnaires_id, choices_by_url, is_required, enable_if, render_as, is_all_row_required, default_value, min, max, required_if, indent) VALUES (155, 1, 0, '9.1', '{9} = ''yes''', 'radiogroup', 'During the past month, how often did you drink 100% pure fruit juice? You can report per day, per week, or per month.', null, 4, null, null, null, null, 27, 16, null, 0, null, null, 0, null, 0, 0, null, 0);

INSERT INTO columns (column_id, name, value, elements_id) VALUES (1, 'Better or no change(1)', '1', 132);
INSERT INTO columns (column_id, name, value, elements_id) VALUES (2, 'Questionable /occasionally worse(2)', '2', 132);
INSERT INTO columns (column_id, name, value, elements_id) VALUES (3, 'Consistently a little worse(3)', '3', 132);
INSERT INTO columns (column_id, name, value, elements_id) VALUES (4, 'Consistently much Worse(4)', '4', 132);
INSERT INTO columns (column_id, name, value, elements_id) VALUES (5, 'Don’t know/Not applicable(9)', '9', 132);
INSERT INTO columns (column_id, name, value, elements_id) VALUES (6, 'Better or no change(1)', '1', 133);
INSERT INTO columns (column_id, name, value, elements_id) VALUES (7, 'Questionable /occasionally worse(2)', '2', 133);
INSERT INTO columns (column_id, name, value, elements_id) VALUES (8, 'Consistently a little worse(3)', '3', 133);
INSERT INTO columns (column_id, name, value, elements_id) VALUES (9, 'Consistently much Worse(4)', '4', 133);
INSERT INTO columns (column_id, name, value, elements_id) VALUES (10, 'Don’t know/Not applicable(9)', '9', 133);
INSERT INTO columns (column_id, name, value, elements_id) VALUES (11, 'Better or no change(1)', '1', 134);
INSERT INTO columns (column_id, name, value, elements_id) VALUES (12, 'Questionable /occasionally worse(2)', '2', 134);
INSERT INTO columns (column_id, name, value, elements_id) VALUES (13, 'Consistently a little worse(3)', '3', 134);
INSERT INTO columns (column_id, name, value, elements_id) VALUES (14, 'Consistently much Worse(4)', '4', 134);
INSERT INTO columns (column_id, name, value, elements_id) VALUES (15, 'Don’t know/Not applicable(9)', '9', 134);
INSERT INTO columns (column_id, name, value, elements_id) VALUES (16, 'Better or no change(1)', '1', 135);
INSERT INTO columns (column_id, name, value, elements_id) VALUES (17, 'Questionable /occasionally worse(2)', '2', 135);
INSERT INTO columns (column_id, name, value, elements_id) VALUES (18, 'Consistently a little worse(3)', '3', 135);
INSERT INTO columns (column_id, name, value, elements_id) VALUES (19, 'Consistently much Worse(4)', '4', 135);
INSERT INTO columns (column_id, name, value, elements_id) VALUES (20, 'Don’t know/Not applicable(9)', '9', 135);
INSERT INTO columns (column_id, name, value, elements_id) VALUES (21, 'Better or no change(1)', '1', 136);
INSERT INTO columns (column_id, name, value, elements_id) VALUES (22, 'Questionable /occasionally worse(2)', '2', 136);
INSERT INTO columns (column_id, name, value, elements_id) VALUES (23, 'Consistently a little worse(3)', '3', 136);
INSERT INTO columns (column_id, name, value, elements_id) VALUES (24, 'Consistently much Worse(4)', '4', 136);
INSERT INTO columns (column_id, name, value, elements_id) VALUES (25, 'Don’t know/Not applicable(9)', '9', 136);
INSERT INTO columns (column_id, name, value, elements_id) VALUES (26, 'Better or no change(1)', '1', 137);
INSERT INTO columns (column_id, name, value, elements_id) VALUES (27, 'Questionable /occasionally worse(2)', '2', 137);
INSERT INTO columns (column_id, name, value, elements_id) VALUES (28, 'Consistently a little worse(3)', '3', 137);
INSERT INTO columns (column_id, name, value, elements_id) VALUES (29, 'Consistently much Worse(4)', '4', 137);
INSERT INTO columns (column_id, name, value, elements_id) VALUES (30, 'Don’t know/Not applicable(9)', '9', 137);

INSERT INTO rows (row_id, name, value, elements_id) VALUES (1, '1. Remembering a few shopping items without a list.', '1', 132);
INSERT INTO rows (row_id, name, value, elements_id) VALUES (2, '2. Remembering things that happened recently (such as recent outings, events in the news).', '2', 132);
INSERT INTO rows (row_id, name, value, elements_id) VALUES (3, '3. Recalling conversations a few days later.', '3', 132);
INSERT INTO rows (row_id, name, value, elements_id) VALUES (4, '4. Remembering where you have placed personal items or objects.', '4', 132);
INSERT INTO rows (row_id, name, value, elements_id) VALUES (5, '5. Unknowingly repeating stories and/or questions multiple times.', '5', 132);
INSERT INTO rows (row_id, name, value, elements_id) VALUES (6, '6. Remembering the current date or day of the week.', '6', 132);
INSERT INTO rows (row_id, name, value, elements_id) VALUES (7, '7. Remembering that you have already told someone something.', '7', 132);
INSERT INTO rows (row_id, name, value, elements_id) VALUES (8, '8. Remembering appointments, meetings, or engagements.', '8', 132);
INSERT INTO rows (row_id, name, value, elements_id) VALUES (9, '9. Remembering to do important tasks like pay bills or take medications. ', '9', 132);
INSERT INTO rows (row_id, name, value, elements_id) VALUES (10, '1. Coming up with the right names of commonly used everyday objects (e.g., telephone, toothbrush).', '1', 133);
INSERT INTO rows (row_id, name, value, elements_id) VALUES (11, '2. Verbally giving instructions to others.', '2', 133);
INSERT INTO rows (row_id, name, value, elements_id) VALUES (12, '3. Finding the exact right words to use in a conversation.', '3', 133);
INSERT INTO rows (row_id, name, value, elements_id) VALUES (13, '4. Communicating or expressing ideas in a conversation.', '4', 133);
INSERT INTO rows (row_id, name, value, elements_id) VALUES (14, '5. Following a story in a book or on TV.', '5', 133);
INSERT INTO rows (row_id, name, value, elements_id) VALUES (15, '6. Understanding the point of what other people are trying to say.', '6', 133);
INSERT INTO rows (row_id, name, value, elements_id) VALUES (16, '7. Remembering the meaning of common words.', '7', 133);
INSERT INTO rows (row_id, name, value, elements_id) VALUES (17, '8. Describing a program you have watched on TV.', '8', 133);
INSERT INTO rows (row_id, name, value, elements_id) VALUES (18, '9. Understanding spoken directions or instructions.', '9', 133);
INSERT INTO rows (row_id, name, value, elements_id) VALUES (19, '1. Increased reliance on using electronic navigational aids (like GPS on a smart phone) to find your way around town.', '1', 134);
INSERT INTO rows (row_id, name, value, elements_id) VALUES (20, '2. Finding your car in a parking lot.', '2', 134);
INSERT INTO rows (row_id, name, value, elements_id) VALUES (21, '3. Finding the way to a familiar location (e.g., a long-term friend’s home).', '3', 134);
INSERT INTO rows (row_id, name, value, elements_id) VALUES (22, '4. Finding your way around your own neighborhood.  ', '4', 134);
INSERT INTO rows (row_id, name, value, elements_id) VALUES (23, '5. Finding your way around a familiar store or other building.', '5', 134);
INSERT INTO rows (row_id, name, value, elements_id) VALUES (24, '6. Finding your way around a familiar home. ', '6', 134);
INSERT INTO rows (row_id, name, value, elements_id) VALUES (25, '7. Use of landmarks in the environment to find locations (e.g., turn left after the grocery store).', '7', 134);
INSERT INTO rows (row_id, name, value, elements_id) VALUES (26, '8. Difficulty perceiving distances when driving or driving too close to another vehicle or other object. ', '8', 134);
INSERT INTO rows (row_id, name, value, elements_id) VALUES (27, '1. Planning the sequence of stops on a shopping trip.', '1', 135);
INSERT INTO rows (row_id, name, value, elements_id) VALUES (28, '2. The ability to anticipate weather changes and plan accordingly (e.g., bring a coat or umbrella).', '2', 135);
INSERT INTO rows (row_id, name, value, elements_id) VALUES (29, '3. Planning and sticking to a schedule for the day when there are several things to be done.', '3', 135);
INSERT INTO rows (row_id, name, value, elements_id) VALUES (30, '4. Thinking things through before making a major decision (e.g., making a big purchase).', '4', 135);
INSERT INTO rows (row_id, name, value, elements_id) VALUES (31, '5.  Planning a trip, vacation, or outing.', '5', 135);
INSERT INTO rows (row_id, name, value, elements_id) VALUES (32, '1. Keeping living and work space (such as a home office, garage or pantry) organized.', '1', 136);
INSERT INTO rows (row_id, name, value, elements_id) VALUES (33, '2.  Managing bill payments.', '2', 136);
INSERT INTO rows (row_id, name, value, elements_id) VALUES (34, '3. Keeping financial records or other documents organized so they are easy to find when needed.', '3', 136);
INSERT INTO rows (row_id, name, value, elements_id) VALUES (35, '4. Prioritizing tasks by importance (doing the most important things first).', '4', 136);
INSERT INTO rows (row_id, name, value, elements_id) VALUES (36, '5. Keeping mail and papers organized.', '5', 136);
INSERT INTO rows (row_id, name, value, elements_id) VALUES (37, '6. Using an organized strategy to manage a medication schedule involving multiple medications.', '6', 136);
INSERT INTO rows (row_id, name, value, elements_id) VALUES (38, '1. The ability to do two things at once.', '1', 137);
INSERT INTO rows (row_id, name, value, elements_id) VALUES (39, '2. Returning to a task after being interrupted.', '2', 137);
INSERT INTO rows (row_id, name, value, elements_id) VALUES (40, '3. The ability to concentrate on and complete a task without being distracted by other things.', '3', 137);
INSERT INTO rows (row_id, name, value, elements_id) VALUES (41, '4. Working on a particular task while talking to someone at the same time.', '4', 137);

INSERT INTO choices (chioce_id, name, value, elements_id) VALUES (105, 'Patient', 'patient', 79);
INSERT INTO choices (chioce_id, name, value, elements_id) VALUES (106, 'Informant/Family Member', 'relative', 79);
INSERT INTO choices (chioce_id, name, value, elements_id) VALUES (107, 'Yes', 'yes', 82);
INSERT INTO choices (chioce_id, name, value, elements_id) VALUES (108, 'No', 'no', 82);
INSERT INTO choices (chioce_id, name, value, elements_id) VALUES (109, 'Unknown', 'unknown', 82);
INSERT INTO choices (chioce_id, name, value, elements_id) VALUES (110, '0 to 5 Years', '0to5years', 83);
INSERT INTO choices (chioce_id, name, value, elements_id) VALUES (111, '6 to 10 Years', '6to10years', 83);
INSERT INTO choices (chioce_id, name, value, elements_id) VALUES (112, '11 to 20 Years', '11to20years', 83);
INSERT INTO choices (chioce_id, name, value, elements_id) VALUES (113, '21 to 30 Years', '21to30years', 83);
INSERT INTO choices (chioce_id, name, value, elements_id) VALUES (114, '30+ Years', '30plusyears', 83);
INSERT INTO choices (chioce_id, name, value, elements_id) VALUES (115, 'Yes', 'yes', 84);
INSERT INTO choices (chioce_id, name, value, elements_id) VALUES (116, 'No', 'no', 84);
INSERT INTO choices (chioce_id, name, value, elements_id) VALUES (117, 'Unknown', 'unknown', 84);
INSERT INTO choices (chioce_id, name, value, elements_id) VALUES (118, 'Yes', 'yes', 85);
INSERT INTO choices (chioce_id, name, value, elements_id) VALUES (119, 'No', 'no', 85);
INSERT INTO choices (chioce_id, name, value, elements_id) VALUES (120, 'Unknown', 'unknown', 85);
INSERT INTO choices (chioce_id, name, value, elements_id) VALUES (121, 'Diet', 'diet', 87);
INSERT INTO choices (chioce_id, name, value, elements_id) VALUES (122, 'Exercise', 'exercise', 87);
INSERT INTO choices (chioce_id, name, value, elements_id) VALUES (123, 'Yes', 'yes', 88);
INSERT INTO choices (chioce_id, name, value, elements_id) VALUES (124, 'No', 'no', 88);
INSERT INTO choices (chioce_id, name, value, elements_id) VALUES (125, 'Unknown', 'unknown', 88);
INSERT INTO choices (chioce_id, name, value, elements_id) VALUES (126, '0 to 5 Years', '0to5years', 89);
INSERT INTO choices (chioce_id, name, value, elements_id) VALUES (127, '6 to 10 Years', '6to10years', 89);
INSERT INTO choices (chioce_id, name, value, elements_id) VALUES (128, '11 to 20 Years', '11to20years', 89);
INSERT INTO choices (chioce_id, name, value, elements_id) VALUES (129, '21 to 30 Years', '21to30years', 89);
INSERT INTO choices (chioce_id, name, value, elements_id) VALUES (130, '30+ Years', '30plusyears', 89);
INSERT INTO choices (chioce_id, name, value, elements_id) VALUES (131, 'Yes', 'yes', 90);
INSERT INTO choices (chioce_id, name, value, elements_id) VALUES (132, 'No', 'no', 90);
INSERT INTO choices (chioce_id, name, value, elements_id) VALUES (133, 'Unknown', 'unknown', 90);
INSERT INTO choices (chioce_id, name, value, elements_id) VALUES (134, 'Yes', 'yes', 91);
INSERT INTO choices (chioce_id, name, value, elements_id) VALUES (135, 'No', 'no', 91);
INSERT INTO choices (chioce_id, name, value, elements_id) VALUES (136, 'Unknown', 'unknown', 91);
INSERT INTO choices (chioce_id, name, value, elements_id) VALUES (137, 'Diet', 'diet', 93);
INSERT INTO choices (chioce_id, name, value, elements_id) VALUES (138, 'Exercise', 'exercise', 93);
INSERT INTO choices (chioce_id, name, value, elements_id) VALUES (139, 'Yes', 'yes', 94);
INSERT INTO choices (chioce_id, name, value, elements_id) VALUES (140, 'No', 'no', 94);
INSERT INTO choices (chioce_id, name, value, elements_id) VALUES (141, 'Unknown', 'unknown', 94);
INSERT INTO choices (chioce_id, name, value, elements_id) VALUES (142, '0 to 5 Years', '0to5years', 95);
INSERT INTO choices (chioce_id, name, value, elements_id) VALUES (143, '6 to 10 Years', '6to10years', 95);
INSERT INTO choices (chioce_id, name, value, elements_id) VALUES (144, '11 to 20 Years', '11to20years', 95);
INSERT INTO choices (chioce_id, name, value, elements_id) VALUES (145, '21 to 30 Years', '21to30years', 95);
INSERT INTO choices (chioce_id, name, value, elements_id) VALUES (146, '30+ Years', '30plusyears', 95);
INSERT INTO choices (chioce_id, name, value, elements_id) VALUES (147, 'Yes', 'yes', 96);
INSERT INTO choices (chioce_id, name, value, elements_id) VALUES (148, 'No', 'no', 96);
INSERT INTO choices (chioce_id, name, value, elements_id) VALUES (149, 'Unknown', 'unknown', 96);
INSERT INTO choices (chioce_id, name, value, elements_id) VALUES (150, 'Yes', 'yes', 97);
INSERT INTO choices (chioce_id, name, value, elements_id) VALUES (151, 'No', 'no', 97);
INSERT INTO choices (chioce_id, name, value, elements_id) VALUES (152, 'Unknown', 'unknown', 97);
INSERT INTO choices (chioce_id, name, value, elements_id) VALUES (153, 'Diet', 'diet', 99);
INSERT INTO choices (chioce_id, name, value, elements_id) VALUES (154, 'Exercise', 'exercise', 99);
INSERT INTO choices (chioce_id, name, value, elements_id) VALUES (155, 'Yes', 'yes', 100);
INSERT INTO choices (chioce_id, name, value, elements_id) VALUES (156, 'No', 'no', 100);
INSERT INTO choices (chioce_id, name, value, elements_id) VALUES (157, 'Unknown', 'unknown', 100);
INSERT INTO choices (chioce_id, name, value, elements_id) VALUES (158, '0 to 5 Years', '0to5years', 101);
INSERT INTO choices (chioce_id, name, value, elements_id) VALUES (159, '6 to 10 Years', '6to10years', 101);
INSERT INTO choices (chioce_id, name, value, elements_id) VALUES (160, '11 to 20 Years', '11to20years', 101);
INSERT INTO choices (chioce_id, name, value, elements_id) VALUES (161, '21 to 30 Years', '21to30years', 101);
INSERT INTO choices (chioce_id, name, value, elements_id) VALUES (162, '30+ Years', '30plusyears', 101);
INSERT INTO choices (chioce_id, name, value, elements_id) VALUES (163, 'Yes', 'yes', 102);
INSERT INTO choices (chioce_id, name, value, elements_id) VALUES (164, 'No', 'no', 102);
INSERT INTO choices (chioce_id, name, value, elements_id) VALUES (165, 'Unknown', 'unknown', 102);
INSERT INTO choices (chioce_id, name, value, elements_id) VALUES (166, 'Yes', 'yes', 103);
INSERT INTO choices (chioce_id, name, value, elements_id) VALUES (167, 'No', 'no', 103);
INSERT INTO choices (chioce_id, name, value, elements_id) VALUES (168, 'Unknown', 'unknown', 103);
INSERT INTO choices (chioce_id, name, value, elements_id) VALUES (169, 'Diet', 'diet', 105);
INSERT INTO choices (chioce_id, name, value, elements_id) VALUES (170, 'Exercise', 'exercise', 105);
INSERT INTO choices (chioce_id, name, value, elements_id) VALUES (171, 'Yes', 'yes', 106);
INSERT INTO choices (chioce_id, name, value, elements_id) VALUES (172, 'No', 'no', 106);
INSERT INTO choices (chioce_id, name, value, elements_id) VALUES (173, 'Unknown', 'unknown', 106);
INSERT INTO choices (chioce_id, name, value, elements_id) VALUES (174, '0 to 5 Years', '0to5years', 107);
INSERT INTO choices (chioce_id, name, value, elements_id) VALUES (175, '6 to 10 Years', '6to10years', 107);
INSERT INTO choices (chioce_id, name, value, elements_id) VALUES (176, '11 to 20 Years', '11to20years', 107);
INSERT INTO choices (chioce_id, name, value, elements_id) VALUES (177, '21 to 30 Years', '21to30years', 107);
INSERT INTO choices (chioce_id, name, value, elements_id) VALUES (178, '30+ Years', '30plusyears', 107);
INSERT INTO choices (chioce_id, name, value, elements_id) VALUES (179, 'Yes', 'yes', 108);
INSERT INTO choices (chioce_id, name, value, elements_id) VALUES (180, 'No', 'no', 108);
INSERT INTO choices (chioce_id, name, value, elements_id) VALUES (181, 'Unknown', 'unknown', 108);
INSERT INTO choices (chioce_id, name, value, elements_id) VALUES (182, 'Yes', 'yes', 109);
INSERT INTO choices (chioce_id, name, value, elements_id) VALUES (183, 'No', 'no', 109);
INSERT INTO choices (chioce_id, name, value, elements_id) VALUES (184, 'Unknown', 'unknown', 109);
INSERT INTO choices (chioce_id, name, value, elements_id) VALUES (185, 'Diet', 'diet', 111);
INSERT INTO choices (chioce_id, name, value, elements_id) VALUES (186, 'Exercise', 'exercise', 111);
INSERT INTO choices (chioce_id, name, value, elements_id) VALUES (187, 'Yes', 'yes', 112);
INSERT INTO choices (chioce_id, name, value, elements_id) VALUES (188, 'No', 'no', 112);
INSERT INTO choices (chioce_id, name, value, elements_id) VALUES (189, 'Unknown', 'unknown', 112);
INSERT INTO choices (chioce_id, name, value, elements_id) VALUES (190, '0 to 5 Years', '0to5years', 113);
INSERT INTO choices (chioce_id, name, value, elements_id) VALUES (191, '6 to 10 Years', '6to10years', 113);
INSERT INTO choices (chioce_id, name, value, elements_id) VALUES (192, '11 to 20 Years', '11to20years', 113);
INSERT INTO choices (chioce_id, name, value, elements_id) VALUES (193, '21 to 30 Years', '21to30years', 113);
INSERT INTO choices (chioce_id, name, value, elements_id) VALUES (194, '30+ Years', '30plusyears', 113);
INSERT INTO choices (chioce_id, name, value, elements_id) VALUES (195, 'Yes', 'yes', 114);
INSERT INTO choices (chioce_id, name, value, elements_id) VALUES (196, 'No', 'no', 114);
INSERT INTO choices (chioce_id, name, value, elements_id) VALUES (197, 'Unknown', 'unknown', 114);
INSERT INTO choices (chioce_id, name, value, elements_id) VALUES (198, 'Yes', 'yes', 115);
INSERT INTO choices (chioce_id, name, value, elements_id) VALUES (199, 'No', 'no', 115);
INSERT INTO choices (chioce_id, name, value, elements_id) VALUES (200, 'Unknown', 'unknown', 115);
INSERT INTO choices (chioce_id, name, value, elements_id) VALUES (201, 'Diet', 'diet', 117);
INSERT INTO choices (chioce_id, name, value, elements_id) VALUES (202, 'Exercise', 'exercise', 117);
INSERT INTO choices (chioce_id, name, value, elements_id) VALUES (203, 'Male', 'male', 121);
INSERT INTO choices (chioce_id, name, value, elements_id) VALUES (204, 'Female', 'female', 121);
INSERT INTO choices (chioce_id, name, value, elements_id) VALUES (205, 'Yes', 'yes', 122);
INSERT INTO choices (chioce_id, name, value, elements_id) VALUES (206, 'No', 'no', 122);
INSERT INTO choices (chioce_id, name, value, elements_id) VALUES (207, 'Don’t know', 'dontknow', 122);
INSERT INTO choices (chioce_id, name, value, elements_id) VALUES (208, 'Slightly louder than breathing', 'a', 123);
INSERT INTO choices (chioce_id, name, value, elements_id) VALUES (209, 'As loud as talking', 'b', 123);
INSERT INTO choices (chioce_id, name, value, elements_id) VALUES (210, 'Louder than talking', 'c', 123);
INSERT INTO choices (chioce_id, name, value, elements_id) VALUES (211, 'Very loud can be heard in adjacent rooms', 'd', 123);
INSERT INTO choices (chioce_id, name, value, elements_id) VALUES (212, 'Don''t know', 'dontknow', 123);
INSERT INTO choices (chioce_id, name, value, elements_id) VALUES (213, 'Nearly every day', 'a', 124);
INSERT INTO choices (chioce_id, name, value, elements_id) VALUES (214, '3-4 times a week', 'b', 124);
INSERT INTO choices (chioce_id, name, value, elements_id) VALUES (215, '1-2 times a week', 'c', 124);
INSERT INTO choices (chioce_id, name, value, elements_id) VALUES (216, '1-2 times a month', 'd', 124);
INSERT INTO choices (chioce_id, name, value, elements_id) VALUES (217, 'Never or nearly never', 'e', 124);
INSERT INTO choices (chioce_id, name, value, elements_id) VALUES (218, 'Don''t know', 'dontknow', 124);
INSERT INTO choices (chioce_id, name, value, elements_id) VALUES (219, 'Yes', 'yes', 125);
INSERT INTO choices (chioce_id, name, value, elements_id) VALUES (220, 'No', 'no', 125);
INSERT INTO choices (chioce_id, name, value, elements_id) VALUES (221, 'Don''t know', 'dontknow', 125);
INSERT INTO choices (chioce_id, name, value, elements_id) VALUES (222, 'Nearly every day', 'a', 126);
INSERT INTO choices (chioce_id, name, value, elements_id) VALUES (223, '3-4 times a week', 'b', 126);
INSERT INTO choices (chioce_id, name, value, elements_id) VALUES (224, '1-2 times a week', 'c', 126);
INSERT INTO choices (chioce_id, name, value, elements_id) VALUES (225, '1-2 times a month', 'd', 126);
INSERT INTO choices (chioce_id, name, value, elements_id) VALUES (226, 'Never or nearly never', 'e', 126);
INSERT INTO choices (chioce_id, name, value, elements_id) VALUES (227, 'Don''t know', 'dontknow', 126);
INSERT INTO choices (chioce_id, name, value, elements_id) VALUES (228, 'Nearly every day', 'a', 127);
INSERT INTO choices (chioce_id, name, value, elements_id) VALUES (229, '3-4 times a week', 'b', 127);
INSERT INTO choices (chioce_id, name, value, elements_id) VALUES (230, '1-2 times a week', 'c', 127);
INSERT INTO choices (chioce_id, name, value, elements_id) VALUES (231, '1-2 times a month', 'd', 127);
INSERT INTO choices (chioce_id, name, value, elements_id) VALUES (232, 'Never or nearly never', 'e', 127);
INSERT INTO choices (chioce_id, name, value, elements_id) VALUES (233, 'Don''t know', 'dontknow', 127);
INSERT INTO choices (chioce_id, name, value, elements_id) VALUES (234, 'Nearly every day', 'a', 128);
INSERT INTO choices (chioce_id, name, value, elements_id) VALUES (235, '3-4 times a week', 'b', 128);
INSERT INTO choices (chioce_id, name, value, elements_id) VALUES (236, '1-2 times a week', 'c', 128);
INSERT INTO choices (chioce_id, name, value, elements_id) VALUES (237, '1-2 times a month', 'd', 128);
INSERT INTO choices (chioce_id, name, value, elements_id) VALUES (238, 'Never or nearly never', 'e', 128);
INSERT INTO choices (chioce_id, name, value, elements_id) VALUES (239, 'Don''t know', 'dontknow', 128);
INSERT INTO choices (chioce_id, name, value, elements_id) VALUES (240, 'Yes', 'yes', 129);
INSERT INTO choices (chioce_id, name, value, elements_id) VALUES (241, 'No', 'no', 129);
INSERT INTO choices (chioce_id, name, value, elements_id) VALUES (242, 'Don''t know', 'dontknow', 129);
INSERT INTO choices (chioce_id, name, value, elements_id) VALUES (243, 'Nearly every day', 'a', 130);
INSERT INTO choices (chioce_id, name, value, elements_id) VALUES (244, '3-4 times a week', 'b', 130);
INSERT INTO choices (chioce_id, name, value, elements_id) VALUES (245, '1-2 times a week', 'c', 130);
INSERT INTO choices (chioce_id, name, value, elements_id) VALUES (246, '1-2 times a month', 'd', 130);
INSERT INTO choices (chioce_id, name, value, elements_id) VALUES (247, 'Never or nearly never', 'e', 130);
INSERT INTO choices (chioce_id, name, value, elements_id) VALUES (248, 'Don''t know', 'dontknow', 130);
INSERT INTO choices (chioce_id, name, value, elements_id) VALUES (249, 'Yes', 'yes', 131);
INSERT INTO choices (chioce_id, name, value, elements_id) VALUES (250, 'No', 'no', 131);
INSERT INTO choices (chioce_id, name, value, elements_id) VALUES (251, 'Don’t know', 'dontknow', 131);
INSERT INTO choices (chioce_id, name, value, elements_id) VALUES (252, 'Male', 'male', 139);
INSERT INTO choices (chioce_id, name, value, elements_id) VALUES (253, 'Female', 'female', 139);
INSERT INTO choices (chioce_id, name, value, elements_id) VALUES (254, 'Yes', 'yes', 140);
INSERT INTO choices (chioce_id, name, value, elements_id) VALUES (255, 'No', 'no', 140);
INSERT INTO choices (chioce_id, name, value, elements_id) VALUES (256, 'Don''t know', 'dontknow', 140);
INSERT INTO choices (chioce_id, name, value, elements_id) VALUES (257, 'Per day', 'perday', 141);
INSERT INTO choices (chioce_id, name, value, elements_id) VALUES (258, 'Per week', 'perweek', 141);
INSERT INTO choices (chioce_id, name, value, elements_id) VALUES (259, 'Per month', 'permonth', 141);
INSERT INTO choices (chioce_id, name, value, elements_id) VALUES (260, 'Don''t know', 'dontknow', 141);
INSERT INTO choices (chioce_id, name, value, elements_id) VALUES (261, 'Hot Cereal', 'hotcereal', 142);
INSERT INTO choices (chioce_id, name, value, elements_id) VALUES (262, 'Cold Cereal', 'coldcereal', 142);
INSERT INTO choices (chioce_id, name, value, elements_id) VALUES (263, 'Yes', 'yes', 145);
INSERT INTO choices (chioce_id, name, value, elements_id) VALUES (264, 'No', 'no', 145);
INSERT INTO choices (chioce_id, name, value, elements_id) VALUES (265, 'Don''t know', 'dontknow', 145);
INSERT INTO choices (chioce_id, name, value, elements_id) VALUES (266, 'Hot Cereal', 'hotcereal', 146);
INSERT INTO choices (chioce_id, name, value, elements_id) VALUES (267, 'Cold Cereal', 'coldcereal', 146);
INSERT INTO choices (chioce_id, name, value, elements_id) VALUES (268, 'Yes', 'yes', 149);
INSERT INTO choices (chioce_id, name, value, elements_id) VALUES (269, 'No', 'no', 149);
INSERT INTO choices (chioce_id, name, value, elements_id) VALUES (270, 'Don''t know', 'dontknow', 149);
INSERT INTO choices (chioce_id, name, value, elements_id) VALUES (271, 'Per day', 'perday', 150);
INSERT INTO choices (chioce_id, name, value, elements_id) VALUES (272, 'Per week', 'perweek', 150);
INSERT INTO choices (chioce_id, name, value, elements_id) VALUES (273, 'Per month', 'permonth', 150);
INSERT INTO choices (chioce_id, name, value, elements_id) VALUES (274, 'Don''t know', 'dontknow', 150);
INSERT INTO choices (chioce_id, name, value, elements_id) VALUES (275, 'Whole or regular milk', 'item1', 151);
INSERT INTO choices (chioce_id, name, value, elements_id) VALUES (276, '2% fat or reduced-fat milk', 'item2', 151);
INSERT INTO choices (chioce_id, name, value, elements_id) VALUES (277, '1%, 1/2%, or low-fat milk', 'item3', 151);
INSERT INTO choices (chioce_id, name, value, elements_id) VALUES (278, 'Fat-free, skim or non-fat milk', 'item4', 151);
INSERT INTO choices (chioce_id, name, value, elements_id) VALUES (279, 'Soy milk', 'item5', 151);
INSERT INTO choices (chioce_id, name, value, elements_id) VALUES (280, 'Don''t know', 'dontknow', 151);
INSERT INTO choices (chioce_id, name, value, elements_id) VALUES (281, 'Yes', 'yes', 152);
INSERT INTO choices (chioce_id, name, value, elements_id) VALUES (282, 'No', 'no', 152);
INSERT INTO choices (chioce_id, name, value, elements_id) VALUES (283, 'Don''t know', 'dontknow', 152);
INSERT INTO choices (chioce_id, name, value, elements_id) VALUES (284, 'Per day', 'perday', 153);
INSERT INTO choices (chioce_id, name, value, elements_id) VALUES (285, 'Per week', 'perweek', 153);
INSERT INTO choices (chioce_id, name, value, elements_id) VALUES (286, 'Per month', 'permonth', 153);
INSERT INTO choices (chioce_id, name, value, elements_id) VALUES (287, 'Don''t know', 'dontknow', 153);
INSERT INTO choices (chioce_id, name, value, elements_id) VALUES (288, 'Yes', 'yes', 154);
INSERT INTO choices (chioce_id, name, value, elements_id) VALUES (289, 'No', 'no', 154);
INSERT INTO choices (chioce_id, name, value, elements_id) VALUES (290, 'Don''t know', 'dontknow', 154);
INSERT INTO choices (chioce_id, name, value, elements_id) VALUES (291, 'Per day', 'perday', 155);
INSERT INTO choices (chioce_id, name, value, elements_id) VALUES (292, 'Per week', 'perweek', 155);
INSERT INTO choices (chioce_id, name, value, elements_id) VALUES (293, 'Per month', 'permonth', 155);
INSERT INTO choices (chioce_id, name, value, elements_id) VALUES (294, 'Don''t know', 'dontknow', 155);
INSERT INTO choices (chioce_id, name, value, elements_id) VALUES (295, 'Yes', 'yes', 156);
INSERT INTO choices (chioce_id, name, value, elements_id) VALUES (296, 'No', 'no', 156);
INSERT INTO choices (chioce_id, name, value, elements_id) VALUES (297, 'Don''t know', 'dontknow', 156);
INSERT INTO choices (chioce_id, name, value, elements_id) VALUES (298, 'Per day', 'perday', 157);
INSERT INTO choices (chioce_id, name, value, elements_id) VALUES (299, 'Per week', 'perweek', 157);
INSERT INTO choices (chioce_id, name, value, elements_id) VALUES (300, 'Per month', 'permonth', 157);
INSERT INTO choices (chioce_id, name, value, elements_id) VALUES (301, 'Don''t know', 'dontknow', 157);
INSERT INTO choices (chioce_id, name, value, elements_id) VALUES (302, 'Yes', 'yes', 158);
INSERT INTO choices (chioce_id, name, value, elements_id) VALUES (303, 'No', 'no', 158);
INSERT INTO choices (chioce_id, name, value, elements_id) VALUES (304, 'Don''t know', 'dontknow', 158);
INSERT INTO choices (chioce_id, name, value, elements_id) VALUES (305, 'Per day', 'perday', 159);
INSERT INTO choices (chioce_id, name, value, elements_id) VALUES (306, 'Per week', 'perweek', 159);
INSERT INTO choices (chioce_id, name, value, elements_id) VALUES (307, 'Per month', 'permonth', 159);
INSERT INTO choices (chioce_id, name, value, elements_id) VALUES (308, 'Don''t know', 'dontknow', 159);
INSERT INTO choices (chioce_id, name, value, elements_id) VALUES (309, 'Yes', 'yes', 160);
INSERT INTO choices (chioce_id, name, value, elements_id) VALUES (310, 'No', 'no', 160);
INSERT INTO choices (chioce_id, name, value, elements_id) VALUES (311, 'Don''t know', 'dontknow', 160);
INSERT INTO choices (chioce_id, name, value, elements_id) VALUES (312, 'Per day', 'perday', 161);
INSERT INTO choices (chioce_id, name, value, elements_id) VALUES (313, 'Per week', 'perweek', 161);
INSERT INTO choices (chioce_id, name, value, elements_id) VALUES (314, 'Per month', 'permonth', 161);
INSERT INTO choices (chioce_id, name, value, elements_id) VALUES (315, 'Don''t know', 'dontknow', 161);
INSERT INTO choices (chioce_id, name, value, elements_id) VALUES (316, 'Yes', 'yes', 162);
INSERT INTO choices (chioce_id, name, value, elements_id) VALUES (317, 'No', 'no', 162);
INSERT INTO choices (chioce_id, name, value, elements_id) VALUES (318, 'Don''t know', 'dontknow', 162);
INSERT INTO choices (chioce_id, name, value, elements_id) VALUES (319, 'Per day', 'perday', 163);
INSERT INTO choices (chioce_id, name, value, elements_id) VALUES (320, 'Per week', 'perweek', 163);
INSERT INTO choices (chioce_id, name, value, elements_id) VALUES (321, 'Per month', 'permonth', 163);
INSERT INTO choices (chioce_id, name, value, elements_id) VALUES (322, 'Don''t know', 'dontknow', 163);
INSERT INTO choices (chioce_id, name, value, elements_id) VALUES (323, 'Yes', 'yes', 164);
INSERT INTO choices (chioce_id, name, value, elements_id) VALUES (324, 'No', 'no', 164);
INSERT INTO choices (chioce_id, name, value, elements_id) VALUES (325, 'Don''t know', 'dontknow', 164);
INSERT INTO choices (chioce_id, name, value, elements_id) VALUES (326, 'Per day', 'perday', 165);
INSERT INTO choices (chioce_id, name, value, elements_id) VALUES (327, 'Per week', 'perweek', 165);
INSERT INTO choices (chioce_id, name, value, elements_id) VALUES (328, 'Per month', 'permonth', 165);
INSERT INTO choices (chioce_id, name, value, elements_id) VALUES (329, 'Don''t know', 'dontknow', 165);
INSERT INTO choices (chioce_id, name, value, elements_id) VALUES (330, 'Yes', 'yes', 166);
INSERT INTO choices (chioce_id, name, value, elements_id) VALUES (331, 'No', 'no', 166);
INSERT INTO choices (chioce_id, name, value, elements_id) VALUES (332, 'Don''t know', 'dontknow', 166);
INSERT INTO choices (chioce_id, name, value, elements_id) VALUES (333, 'Per day', 'perday', 167);
INSERT INTO choices (chioce_id, name, value, elements_id) VALUES (334, 'Per week', 'perweek', 167);
INSERT INTO choices (chioce_id, name, value, elements_id) VALUES (335, 'Per month', 'permonth', 167);
INSERT INTO choices (chioce_id, name, value, elements_id) VALUES (336, 'Don''t know', 'dontknow', 167);
INSERT INTO choices (chioce_id, name, value, elements_id) VALUES (337, 'Yes', 'yes', 168);
INSERT INTO choices (chioce_id, name, value, elements_id) VALUES (338, 'No', 'no', 168);
INSERT INTO choices (chioce_id, name, value, elements_id) VALUES (339, 'Don''t know', 'dontknow', 168);
INSERT INTO choices (chioce_id, name, value, elements_id) VALUES (340, 'Per day', 'perday', 169);
INSERT INTO choices (chioce_id, name, value, elements_id) VALUES (341, 'Per week', 'perweek', 169);
INSERT INTO choices (chioce_id, name, value, elements_id) VALUES (342, 'Per month', 'permonth', 169);
INSERT INTO choices (chioce_id, name, value, elements_id) VALUES (343, 'Don''t know', 'dontknow', 169);
INSERT INTO choices (chioce_id, name, value, elements_id) VALUES (344, 'Yes', 'yes', 170);
INSERT INTO choices (chioce_id, name, value, elements_id) VALUES (345, 'No', 'no', 170);
INSERT INTO choices (chioce_id, name, value, elements_id) VALUES (346, 'Don''t know', 'dontknow', 170);
INSERT INTO choices (chioce_id, name, value, elements_id) VALUES (347, 'Per day', 'perday', 171);
INSERT INTO choices (chioce_id, name, value, elements_id) VALUES (348, 'Per week', 'perweek', 171);
INSERT INTO choices (chioce_id, name, value, elements_id) VALUES (349, 'Per month', 'permonth', 171);
INSERT INTO choices (chioce_id, name, value, elements_id) VALUES (350, 'Don''t know', 'dontknow', 171);
INSERT INTO choices (chioce_id, name, value, elements_id) VALUES (351, 'Yes', 'yes', 172);
INSERT INTO choices (chioce_id, name, value, elements_id) VALUES (352, 'No', 'no', 172);
INSERT INTO choices (chioce_id, name, value, elements_id) VALUES (353, 'Don''t know', 'dontknow', 172);
INSERT INTO choices (chioce_id, name, value, elements_id) VALUES (354, 'Per day', 'perday', 173);
INSERT INTO choices (chioce_id, name, value, elements_id) VALUES (355, 'Per week', 'perweek', 173);
INSERT INTO choices (chioce_id, name, value, elements_id) VALUES (356, 'Per month', 'permonth', 173);
INSERT INTO choices (chioce_id, name, value, elements_id) VALUES (357, 'Don''t know', 'dontknow', 173);
INSERT INTO choices (chioce_id, name, value, elements_id) VALUES (358, 'Yes', 'yes', 174);
INSERT INTO choices (chioce_id, name, value, elements_id) VALUES (359, 'No', 'no', 174);
INSERT INTO choices (chioce_id, name, value, elements_id) VALUES (360, 'Don''t know', 'dontknow', 174);
INSERT INTO choices (chioce_id, name, value, elements_id) VALUES (361, 'Per day', 'perday', 175);
INSERT INTO choices (chioce_id, name, value, elements_id) VALUES (362, 'Per week', 'perweek', 175);
INSERT INTO choices (chioce_id, name, value, elements_id) VALUES (363, 'Per month', 'permonth', 175);
INSERT INTO choices (chioce_id, name, value, elements_id) VALUES (364, 'Don''t know', 'dontknow', 175);
INSERT INTO choices (chioce_id, name, value, elements_id) VALUES (365, 'Yes', 'yes', 176);
INSERT INTO choices (chioce_id, name, value, elements_id) VALUES (366, 'No', 'no', 176);
INSERT INTO choices (chioce_id, name, value, elements_id) VALUES (367, 'Don''t know', 'dontknow', 176);
INSERT INTO choices (chioce_id, name, value, elements_id) VALUES (368, 'Per day', 'perday', 177);
INSERT INTO choices (chioce_id, name, value, elements_id) VALUES (369, 'Per week', 'perweek', 177);
INSERT INTO choices (chioce_id, name, value, elements_id) VALUES (370, 'Per month', 'permonth', 177);
INSERT INTO choices (chioce_id, name, value, elements_id) VALUES (371, 'Don''t know', 'dontknow', 177);
INSERT INTO choices (chioce_id, name, value, elements_id) VALUES (372, 'Yes', 'yes', 178);
INSERT INTO choices (chioce_id, name, value, elements_id) VALUES (373, 'No', 'no', 178);
INSERT INTO choices (chioce_id, name, value, elements_id) VALUES (374, 'Don''t know', 'dontknow', 178);
INSERT INTO choices (chioce_id, name, value, elements_id) VALUES (375, 'Per day', 'perday', 179);
INSERT INTO choices (chioce_id, name, value, elements_id) VALUES (376, 'Per week', 'perweek', 179);
INSERT INTO choices (chioce_id, name, value, elements_id) VALUES (377, 'Per month', 'permonth', 179);
INSERT INTO choices (chioce_id, name, value, elements_id) VALUES (378, 'Don''t know', 'dontknow', 179);
INSERT INTO choices (chioce_id, name, value, elements_id) VALUES (379, 'Yes', 'yes', 180);
INSERT INTO choices (chioce_id, name, value, elements_id) VALUES (380, 'No', 'no', 180);
INSERT INTO choices (chioce_id, name, value, elements_id) VALUES (381, 'Don''t know', 'dontknow', 180);
INSERT INTO choices (chioce_id, name, value, elements_id) VALUES (382, 'Per day', 'perday', 181);
INSERT INTO choices (chioce_id, name, value, elements_id) VALUES (383, 'Per week', 'perweek', 181);
INSERT INTO choices (chioce_id, name, value, elements_id) VALUES (384, 'Per month', 'permonth', 181);
INSERT INTO choices (chioce_id, name, value, elements_id) VALUES (385, 'Don''t know', 'dontknow', 181);
INSERT INTO choices (chioce_id, name, value, elements_id) VALUES (386, 'Yes', 'yes', 182);
INSERT INTO choices (chioce_id, name, value, elements_id) VALUES (387, 'No', 'no', 182);
INSERT INTO choices (chioce_id, name, value, elements_id) VALUES (388, 'Don''t know', 'dontknow', 182);
INSERT INTO choices (chioce_id, name, value, elements_id) VALUES (389, 'Per day', 'perday', 183);
INSERT INTO choices (chioce_id, name, value, elements_id) VALUES (390, 'Per week', 'perweek', 183);
INSERT INTO choices (chioce_id, name, value, elements_id) VALUES (391, 'Per month', 'permonth', 183);
INSERT INTO choices (chioce_id, name, value, elements_id) VALUES (392, 'Don''t know', 'dontknow', 183);
INSERT INTO choices (chioce_id, name, value, elements_id) VALUES (393, 'Yes', 'yes', 184);
INSERT INTO choices (chioce_id, name, value, elements_id) VALUES (394, 'No', 'no', 184);
INSERT INTO choices (chioce_id, name, value, elements_id) VALUES (395, 'Don''t know', 'dontknow', 184);
INSERT INTO choices (chioce_id, name, value, elements_id) VALUES (396, 'Per day', 'perday', 185);
INSERT INTO choices (chioce_id, name, value, elements_id) VALUES (397, 'Per week', 'perweek', 185);
INSERT INTO choices (chioce_id, name, value, elements_id) VALUES (398, 'Per month', 'permonth', 185);
INSERT INTO choices (chioce_id, name, value, elements_id) VALUES (399, 'Don''t know', 'dontknow', 185);
INSERT INTO choices (chioce_id, name, value, elements_id) VALUES (400, 'Yes', 'yes', 186);
INSERT INTO choices (chioce_id, name, value, elements_id) VALUES (401, 'No', 'no', 186);
INSERT INTO choices (chioce_id, name, value, elements_id) VALUES (402, 'Don''t know', 'dontknow', 186);
INSERT INTO choices (chioce_id, name, value, elements_id) VALUES (403, 'Per day', 'perday', 187);
INSERT INTO choices (chioce_id, name, value, elements_id) VALUES (404, 'Per week', 'perweek', 187);
INSERT INTO choices (chioce_id, name, value, elements_id) VALUES (405, 'Per month', 'permonth', 187);
INSERT INTO choices (chioce_id, name, value, elements_id) VALUES (406, 'Don''t know', 'dontknow', 187);
INSERT INTO choices (chioce_id, name, value, elements_id) VALUES (407, 'Yes', 'yes', 188);
INSERT INTO choices (chioce_id, name, value, elements_id) VALUES (408, 'No', 'no', 188);
INSERT INTO choices (chioce_id, name, value, elements_id) VALUES (409, 'Don''t know', 'dontknow', 188);
INSERT INTO choices (chioce_id, name, value, elements_id) VALUES (410, 'Per day', 'perday', 189);
INSERT INTO choices (chioce_id, name, value, elements_id) VALUES (411, 'Per week', 'perweek', 189);
INSERT INTO choices (chioce_id, name, value, elements_id) VALUES (412, 'Per month', 'permonth', 189);
INSERT INTO choices (chioce_id, name, value, elements_id) VALUES (413, 'Don''t know', 'dontknow', 189);
INSERT INTO choices (chioce_id, name, value, elements_id) VALUES (414, 'Yes', 'yes', 190);
INSERT INTO choices (chioce_id, name, value, elements_id) VALUES (415, 'No', 'no', 190);
INSERT INTO choices (chioce_id, name, value, elements_id) VALUES (416, 'Don''t know', 'dontknow', 190);
INSERT INTO choices (chioce_id, name, value, elements_id) VALUES (417, 'Per day', 'perday', 191);
INSERT INTO choices (chioce_id, name, value, elements_id) VALUES (418, 'Per week', 'perweek', 191);
INSERT INTO choices (chioce_id, name, value, elements_id) VALUES (419, 'Per month', 'permonth', 191);
INSERT INTO choices (chioce_id, name, value, elements_id) VALUES (420, 'Don''t know', 'dontknow', 191);
INSERT INTO choices (chioce_id, name, value, elements_id) VALUES (421, 'Yes', 'yes', 192);
INSERT INTO choices (chioce_id, name, value, elements_id) VALUES (422, 'No', 'no', 192);
INSERT INTO choices (chioce_id, name, value, elements_id) VALUES (423, 'Don''t know', 'dontknow', 192);
INSERT INTO choices (chioce_id, name, value, elements_id) VALUES (424, 'Per day', 'perday', 193);
INSERT INTO choices (chioce_id, name, value, elements_id) VALUES (425, 'Per week', 'perweek', 193);
INSERT INTO choices (chioce_id, name, value, elements_id) VALUES (426, 'Per month', 'permonth', 193);
INSERT INTO choices (chioce_id, name, value, elements_id) VALUES (427, 'Don''t know', 'dontknow', 193);
INSERT INTO choices (chioce_id, name, value, elements_id) VALUES (428, 'Yes', 'yes', 194);
INSERT INTO choices (chioce_id, name, value, elements_id) VALUES (429, 'No', 'no', 194);
INSERT INTO choices (chioce_id, name, value, elements_id) VALUES (430, 'Don''t know', 'dontknow', 194);
INSERT INTO choices (chioce_id, name, value, elements_id) VALUES (431, 'Per day', 'perday', 195);
INSERT INTO choices (chioce_id, name, value, elements_id) VALUES (432, 'Per week', 'perweek', 195);
INSERT INTO choices (chioce_id, name, value, elements_id) VALUES (433, 'Per month', 'permonth', 195);
INSERT INTO choices (chioce_id, name, value, elements_id) VALUES (434, 'Don''t know', 'dontknow', 195);
INSERT INTO choices (chioce_id, name, value, elements_id) VALUES (435, 'Yes', 'yes', 196);
INSERT INTO choices (chioce_id, name, value, elements_id) VALUES (436, 'No', 'no', 196);
INSERT INTO choices (chioce_id, name, value, elements_id) VALUES (437, 'Don''t know', 'dontknow', 196);
INSERT INTO choices (chioce_id, name, value, elements_id) VALUES (438, 'Per day', 'perday', 197);
INSERT INTO choices (chioce_id, name, value, elements_id) VALUES (439, 'Per week', 'perweek', 197);
INSERT INTO choices (chioce_id, name, value, elements_id) VALUES (440, 'Per month', 'permonth', 197);
INSERT INTO choices (chioce_id, name, value, elements_id) VALUES (441, 'Don''t know', 'dontknow', 197);
INSERT INTO choices (chioce_id, name, value, elements_id) VALUES (442, 'Yes', 'yes', 200);
INSERT INTO choices (chioce_id, name, value, elements_id) VALUES (443, 'No', 'no', 200);
INSERT INTO choices (chioce_id, name, value, elements_id) VALUES (444, 'Don''t know', 'dontknow', 200);
INSERT INTO choices (chioce_id, name, value, elements_id) VALUES (445, 'Yes', 'yes', 201);
INSERT INTO choices (chioce_id, name, value, elements_id) VALUES (446, 'No', 'no', 201);
INSERT INTO choices (chioce_id, name, value, elements_id) VALUES (447, 'Don''t know', 'dontknow', 201);
INSERT INTO choices (chioce_id, name, value, elements_id) VALUES (448, 'Yes', 'yes', 202);
INSERT INTO choices (chioce_id, name, value, elements_id) VALUES (449, 'No', 'no', 202);
INSERT INTO choices (chioce_id, name, value, elements_id) VALUES (450, 'Don''t know', 'dontknow', 202);
INSERT INTO choices (chioce_id, name, value, elements_id) VALUES (451, 'Yes', 'yes', 203);
INSERT INTO choices (chioce_id, name, value, elements_id) VALUES (452, 'No', 'no', 203);
INSERT INTO choices (chioce_id, name, value, elements_id) VALUES (453, 'Don''t know', 'dontknow', 203);
INSERT INTO choices (chioce_id, name, value, elements_id) VALUES (454, 'Yes', 'yes', 204);
INSERT INTO choices (chioce_id, name, value, elements_id) VALUES (455, 'No', 'no', 204);
INSERT INTO choices (chioce_id, name, value, elements_id) VALUES (456, 'Don''t know', 'dontknow', 204);
INSERT INTO choices (chioce_id, name, value, elements_id) VALUES (457, 'Yes', 'yes', 205);
INSERT INTO choices (chioce_id, name, value, elements_id) VALUES (458, 'No', 'no', 205);
INSERT INTO choices (chioce_id, name, value, elements_id) VALUES (459, 'Don''t know', 'dontknow', 205);
INSERT INTO choices (chioce_id, name, value, elements_id) VALUES (460, 'Yes', 'yes', 206);
INSERT INTO choices (chioce_id, name, value, elements_id) VALUES (461, 'No', 'no', 206);
INSERT INTO choices (chioce_id, name, value, elements_id) VALUES (462, 'Don''t know', 'dontknow', 206);
INSERT INTO choices (chioce_id, name, value, elements_id) VALUES (463, 'Yes', 'yes', 208);
INSERT INTO choices (chioce_id, name, value, elements_id) VALUES (464, 'No', 'no', 208);
INSERT INTO choices (chioce_id, name, value, elements_id) VALUES (465, 'Don''t know', 'dontknow', 208);
INSERT INTO choices (chioce_id, name, value, elements_id) VALUES (466, 'Yes', 'yes', 209);
INSERT INTO choices (chioce_id, name, value, elements_id) VALUES (467, 'No', 'no', 209);
INSERT INTO choices (chioce_id, name, value, elements_id) VALUES (468, 'Don''t know', 'dontknow', 209);

--update scripts--
ALTER TABLE    `elements` ADD (image_link VARCHAR(255));
ALTER TABLE    `elements` ADD (image_height INT);
ALTER TABLE    `elements` ADD (image_width INT);
ALTER TABLE    `elements` ADD (html blob);

update elements set image_link='/assets/excercise_v_2.png',image_height=800,image_width=800 where elements_id=198 and type='image';

update elements set html='Please respond to the following questions to the best of your ability. They are to be answered based on the
Patient’s medical history. If you do not know the exact year in which a given condition first began or was
diagnosed, please use your best judgement to approximate the year. A list of commonly prescribed
medications is included on pages 5-6 for your convenience to aide you in identifying which condition(s) your
medications may be treating.
 <br/><b>Please answer each question as thoroughly as possible. The more information you provide, the better your doctor will be able to help you. </b>' where elements_id=81;
update elements set html='<h2> <b>How physically active are you? <b></h2>' where elements_id=199;
update elements set html='<h2> <b>How physically active are you? <b></h2>' where elements_id=207;
update questionnaires set show_page_titles=1 where study_id=1005;

INSERT INTO questionnaire_triggers (questionnaire_trigger_id, expression, set_to_name, set_value, type, questionnaires_id) VALUES (1, '{3}==''yes''', '4', 'no', 'setvalue', 17);
INSERT INTO questionnaire_triggers (questionnaire_trigger_id, expression, set_to_name, set_value, type, questionnaires_id) VALUES (2, '{3}==''no'' or {3}==''dontknow''', '4', 'null', 'setvalue', 17);

INSERT INTO questionnaire_triggers (questionnaire_trigger_id, expression, set_to_name, set_value, type, questionnaires_id) VALUES (3, '{3}==''yes''', '5', 'no', 'setvalue', 17);
INSERT INTO questionnaire_triggers (questionnaire_trigger_id, expression, set_to_name, set_value, type, questionnaires_id) VALUES (4, '{3}==''no'' or {3}==''dontknow''', '5', 'null', 'setvalue', 17);

INSERT INTO questionnaire_triggers (questionnaire_trigger_id, expression, set_to_name, set_value, type, questionnaires_id) VALUES (5, '{3}==''yes''', '6', 'no', 'setvalue', 17);
INSERT INTO questionnaire_triggers (questionnaire_trigger_id, expression, set_to_name, set_value, type, questionnaires_id) VALUES (6, '{3}==''no'' or {3}==''dontknow''', '6', 'null', 'setvalue', 17);

INSERT INTO questionnaire_triggers (questionnaire_trigger_id, expression, set_to_name, set_value, type, questionnaires_id) VALUES (7, '{3}==''yes''', '7', 'no', 'setvalue', 17);
INSERT INTO questionnaire_triggers (questionnaire_trigger_id, expression, set_to_name, set_value, type, questionnaires_id) VALUES (8, '{3}==''no'' or {3}==''dontknow''', '7', 'null', 'setvalue', 17);

INSERT INTO questionnaire_triggers (questionnaire_trigger_id, expression, set_to_name, set_value, type, questionnaires_id) VALUES (9, '{3}==''yes''', '8', 'no', 'setvalue', 17);
INSERT INTO questionnaire_triggers (questionnaire_trigger_id, expression, set_to_name, set_value, type, questionnaires_id) VALUES (10, '{3}==''no'' or {3}==''dontknow''', '8', 'null', 'setvalue', 17);

INSERT INTO questionnaire_triggers (questionnaire_trigger_id, expression, set_to_name, set_value, type, questionnaires_id) VALUES (11, '{3}==''yes''', '9', 'no', 'setvalue', 17);
INSERT INTO questionnaire_triggers (questionnaire_trigger_id, expression, set_to_name, set_value, type, questionnaires_id) VALUES (12, '{3}==''no'' or {3}==''dontknow''', '9', 'null', 'setvalue', 17);

commit;
